Workbook

Sheet PostQuestionnaire.csv
B1: User id | C1: Question 1 | D1: Question 2 | E1: Question 3 | F1: Question 4 | G1: Question 5 | H1: Question 6 | I1: Question 7 | J1: Question 8 | K1: Question 9 | L1: Question 10 | M1: Question 11 | N1: Question 12 | O1: Question 13 | P1: Question 14 | Q1: Question 15 | R1: Question 16 | S1: Question 17 | T1: Question 18 | U1: Question 19 | V1: Question 20 | W1: Question 21 | X1: Question 22 | Y1: Question 23 | Z1: Question 24 | AA1: Question 25
A2: =COUNTIF(Sheet1!$A$2:$A$17, B1) -> 0 | B2: 87 | C2: 5 | D2: 5 | E2: 5 | F2: 5 | G2: 5 | H2: 2 | I2: 2 | J2: 2 | K2: 2 | L2: 5 | M2: 5 | N2: 5 | O2: 5 | P2: 4 | Q2: 2 | R2: 4 | S2: 4 | T2: 4 | U2: 4 | V2: 3 | W2: The clear visual aspect | X2: waited and waited but couldn't find partners that were available and online the same times I was. | Y2: I found that when I would click and tell it to move or add a arrow it would only work half the time | AA2: I enjoyed it but found that even though I had the nodes in the right order it would say that they weren't then I would repeat the exact same thing and it would work after the 3rd or 4th time submitting.
A3: =COUNTIF(Sheet1!$A$2:$A$17, B2) -> 0 | B3: 86 | C3: 5 | D3: 5 | E3: 5 | F3: 5 | G3: 5 | H3: 5 | I3: 5 | J3: 5 | K3: 5 | L3: 5 | M3: 4 | N3: 4 | O3: 4 | P3: 5 | Q3: 5 | R3: 3 | S3: 4 | T3: 3 | U3: 4 | V3: 3 | W3: Minimalistic. | X3: N/A | Y3: Correct answers sometimes don't work | Z3: but work the next try | AA3: like the last question of the first section. | AB3: N/A | AC3: The 2 I've left unanswered are never register the correct answer.
A4: =COUNTIF(Sheet1!$A$2:$A$17, B3) -> 0 | B4: 85 | C4: 4 | D4: 5 | E4: 4 | F4: 4 | G4: 4 | H4: 4 | I4: 3 | J4: 4 | K4: 4 | L4: 4 | M4: 4 | N4: 4 | O4: 4 | P4: 5 | Q4: 5 | R4: 4 | S4: 4 | T4: 4 | U4: 3 | V4: 3 | W4: Even though I did not use it | X4: the collaborative part of the system seemed the most intuative | Y4: Did not use | Z4: Surves its purpose well as it currently is | AA4: Did not use but voice chat would be great | AB4: Question 4 in the Removing Nodes Section kept saying I got the wrong answer when done with the correct procedure
A5: =COUNTIF(Sheet1!$A$2:$A$17, B4) -> 0 | B5: 83 | C5: 3 | D5: 3 | E5: 3 | F5: 4 | G5: 4 | H5: 4 | I5: 4 | J5: 4 | K5: 3 | L5: 4 | M5: 4 | N5: 4 | O5: 4 | P5: 3 | Q5: 4 | R5: 3 | S5: 4 | T5: 4 | U5: 3 | V5: 2 | W5: Simple and easy to use | X5: very straightforward and has a basic interface | Y5: I did not manage to collaborate | Z5: i onl know one person in this class and they already did work with someone else | AA5: I suggest just a tad bit more explaining may be necessary | AB5: it was a little confusing the first time i used it but i got the hang of it eventually | AC5: Didn't use the collaborative part of the system | AD5: It was definitely a useful experience | AE5: helped me better understand the implementation of linked lists | AF5: i am only fuzzy about the moving of nodes in a linked list
A6: =COUNTIF(Sheet1!$A$2:$A$17, B5) -> 0 | B6: 82 | C6: 3 | D6: 3 | E6: 3 | F6: 3 | G6: 3 | H6: 3 | I6: 2 | J6: 2 | K6: 2 | L6: 3 | M6: 3 | N6: 4 | O6: 3 | P6: 3 | Q6: 3 | R6: 4 | S6: 3 | T6: 3 | U6: 3 | V6: 3 | W6: ease of use | X6: not sure what this is? | Y6: sometimes the arrows didnt cooperate | Z6: none | AA6: thanks
A7: =COUNTIF(Sheet1!$A$2:$A$17, B6) -> 0 | B7: 81 | C7: 4 | D7: 2 | E7: 4 | F7: 4 | G7: 4 | H7: 2 | I7: 2 | J7: 2 | K7: 4 | L7: 5 | M7: 5 | N7: 4 | O7: 4 | P7: 2 | Q7: 2 | R7: 4 | S7: 4 | T7: 4 | U7: 4 | V7: 3 | W7: The diagrams with the arrows actually helped improve my understanding quite a bit | X7: I didn't collaborate :( | Y7: System's a little buggy | Z7: it froze a couple of times and wouldn't move arrows | AA7: Not sure! | AB7: Sometimes the clicks wouldn't register which would result in me getting a question wrong.
A8: =COUNTIF(Sheet1!$A$2:$A$17, B7) -> 0 | B8: 80 | C8: 5 | D8: 4 | E8: 5 | F8: 5 | G8: 5 | H8: 5 | I8: 4 | J8: 5 | K8: 4 | L8: 5 | M8: 5 | N8: 4 | O8: 5 | P8: 4 | Q8: 4 | R8: 3 | S8: 4 | T8: 4 | U8: 4 | V8: 3 | W8: Visul aid | X8: n/a | Y8: check algorithm | Z8: there were some errors
A9: =COUNTIF(Sheet1!$A$2:$A$17, B8) -> 0 | B9: 79 | C9: 4 | D9: 3 | E9: 4 | F9: 4 | G9: 4 | H9: 3 | I9: 4 | J9: 4 | K9: 4 | L9: 4 | M9: 4 | N9: 4 | O9: 4 | P9: 4 | Q9: 4 | R9: 4 | S9: 2 | T9: 2 | U9: 2 | V9: 4 | W9: simplicity | X9: i did not | Y9: it crashed a few times | Z9: could be slightly more aesthetically pleasing. more diverse problems and other concepts | AA9: i did not | AB9: crashed a few times | AC9: i think i got a few right that it marked wrong | AD9: but overall good program.
A10: =COUNTIF(Sheet1!$A$2:$A$17, B9) -> 0 | B10: 78 | C10: 4 | D10: 4 | E10: 4 | F10: 4 | G10: 4 | H10: 4 | I10: 4 | J10: 4 | K10: 4 | L10: 4 | M10: 4 | N10: 4 | O10: 3 | P10: 3 | Q10: 4 | R10: 4 | S10: 4 | T10: 3 | U10: 3 | V10: 4 | W10: easy to use | X10: not too sure | Y10: its fine as is | Z10: its fine as is
A11: =COUNTIF(Sheet1!$A$2:$A$17, B10) -> 0 | B11: 76 | C11: 4 | D11: 3 | E11: 5 | F11: 4 | G11: 5 | H11: 3 | I11: 3 | J11: 3 | K11: 5 | L11: 5 | M11: 5 | N11: 5 | O11: 4 | P11: 5 | Q11: 3 | R11: 4 | S11: 4 | T11: 3 | U11: 4 | V11: 2 | W11: Helps me to visualize how the linked list is working | Y11: It would be nice if in the section for rearranging nodes it would let me create a pointer from a node so that I could reconnect it to other nodes
A12: =COUNTIF(Sheet1!$A$2:$A$17, B11) -> 1 | B12: 75 | C12: 4 | D12: 4 | E12: 4 | F12: 4 | G12: 4 | H12: 4 | I12: 4 | J12: 4 | K12: 4 | L12: 4 | M12: 4 | N12: 4 | O12: 4 | P12: 3 | Q12: 3 | R12: 3 | S12: 4 | T12: 4 | U12: 4 | V12: 4 | Y12: More clear instructions.
A13: =COUNTIF(Sheet1!$A$2:$A$17, B12) -> 0 | B13: 74 | C13: 3 | D13: 3 | E13: 3 | G13: 3 | H13: 3 | I13: 3 | J13: 3 | L13: 3 | M13: 3 | N13: 4 | O13: 3 | P13: 4 | Q13: 4 | R13: 3 | S13: 3 | T13: 3 | U13: 3 | V13: 3 | W13: It was relatively straightforward. | Y13: Add more diversity into the problems | Z13: it got a bit repetitive. | AB13: One of the adding problems talked about having 3 boxes at the end but there needed to be five and another adding one didn't accept my answer as correct the first time even though it was the same the second time.
A14: =COUNTIF(Sheet1!$A$2:$A$17, B13) -> 0 | B14: 73 | C14: 4 | D14: 3 | E14: 4 | F14: 4 | G14: 4 | H14: 4 | I14: 4 | J14: 4 | K14: 4 | L14: 4 | M14: 4 | N14: 4 | O14: 4 | P14: 4 | Q14: 3 | R14: 5 | S14: 4 | T14: 5 | U14: 4 | V14: 3 | W14: SImple to navigate | X14: easy to use | Y14: and engaging. Feels like a puzzle game rather than work. | Z14: - | AA14: - | AB14: - | AC14: Questions would | AD14: on occasion | AE14: return that they had been answered incorrectly when they were infact correctly answered (mostly the re-ordering lists questions)
A15: =COUNTIF(Sheet1!$A$2:$A$17, B14) -> 0 | B15: 71 | C15: 3 | D15: 2 | E15: 4 | F15: 2 | G15: 4 | H15: 3 | I15: 3 | J15: 4 | K15: 2 | L15: 3 | M15: 5 | N15: 4 | O15: 4 | P15: 5 | Q15: 5 | R15: 5 | S15: 2 | T15: 4 | U15: 4 | V15: 3 | W15: the fact that it is interactive helps people who don't understand the main idea comprehend it better. | X15: the best part was that we can use the program for help from other users who are willing to help. | Y15: I think adding an undo button will do. | Z15: when the user goes to a question | AA15: the partner should instantly be with working with him. | AB15: I enjoyed working on it. It sort of reminds me of some games I play.
A16: =COUNTIF(Sheet1!$A$2:$A$17, B15) -> 1 | B16: 70 | C16: 5 | D16: 5 | E16: 5 | F16: 5 | G16: 5 | H16: 5 | I16: 5 | J16: 5 | K16: 5 | L16: 5 | M16: 5 | N16: 5 | O16: 5 | P16: 5 | Q16: 5 | R16: 5 | S16: 5 | T16: 4 | U16: 3 | V16: 3 | W16: It is a creative idea and can be very useful if refined | Y16: The system tends to freeze or slows down sometimes. | AA16: The system was helpful.
A17: =COUNTIF(Sheet1!$A$2:$A$17, B16) -> 1 | B17: 69 | C17: 4 | D17: 4 | E17: 4 | F17: 4 | G17: 4 | H17: 4 | I17: 4 | J17: 4 | K17: 4 | L17: 4 | M17: 4 | N17: 4 | O17: 4 | P17: 4 | Q17: 4 | R17: 4 | S17: 4 | T17: 4 | U17: 2 | V17: 4 | W17: Easy enough to get bonus mark. | X17: You can work with someone which improves teamwork skills. | Y17: If the system responds quickly I will like it more. | Z17: The partner window pop-up every time the partner joined or starts a question | AA17: it makes me hard to see the left bottom part of my screen. | AB17: When I do the removing part | AC17: the nodes can somehow move automatically and then the system died | AD17: which makes me have to start over.
A18: =COUNTIF(Sheet1!$A$2:$A$17, B17) -> 1 | B18: 68 | C18: 4 | D18: 4 | E18: 4 | F18: 4 | G18: 4 | H18: 4 | I18: 4 | J18: 4 | K18: 3 | L18: 3 | M18: 3 | N18: 3 | O18: 3 | P18: 3 | Q18: 2 | R18: 3 | S18: 4 | T18: 5 | U18: 5 | V18: 5 | W18: Introduction. | Y18: Make the introduction much clearer. | AA18: So far | AB18: so good.
A19: =COUNTIF(Sheet1!$A$2:$A$17, B18) -> 0 | B19: 67 | C19: 4 | D19: 4 | E19: 4 | F19: 4 | G19: 4 | H19: 4 | I19: 4 | J19: 4 | K19: 4 | L19: 4 | M19: 4 | N19: 4 | O19: 4 | P19: 3 | Q19: 2 | R19: 3 | S19: 4 | T19: 4 | U19: 4 | V19: 4 | W19: Makes it easier to visualize | X19: Being able to work out the problems with someone else who can see what is going on. | Y19: The chat between partners is clunky as it always drops down to bottom but doesnt keep refereshing correctly (hard to explain in words). When adding a temporary variable the system gets really messed. If need I can provide in more detail the issues I saw in the system. | Z19: The moving of nodes is messy and temporary variables are out of control. | AA19: Quite a few issues involved but too difficult to explain all of them in this questionnaire.
A20: =COUNTIF(Sheet1!$A$2:$A$17, B19) -> 1 | B20: 65 | C20: 3 | D20: 3 | E20: 3 | F20: 3 | G20: 3 | H20: 3 | I20: 3 | J20: 3 | K20: 4 | L20: 3 | M20: 4 | N20: 3 | O20: 3 | P20: 4 | Q20: 2 | R20: 1 | S20: 2 | T20: 3 | U20: 3 | V20: 2 | W20: It was easy. | X20: I didn't use them but I liked that little available partners thing. | Y20: The first reordering question was broken and would not let me move pointers. In a fit of frustration I just clicked submit and even though it was wrong it marked it as right? So there's that. | AA20: It was easy but it was a little TOO easy almost mindlessly so.
A21: =COUNTIF(Sheet1!$A$2:$A$17, B20) -> 0 | B21: 64 | C21: 2 | D21: 2 | E21: 2 | F21: 2 | G21: 2 | H21: 2 | I21: 2 | J21: 2 | L21: 2 | M21: 2 | N21: 2 | O21: 2 | P21: 2 | Q21: 2 | R21: 2 | S21: 2 | T21: 2 | U21: 2 | V21: 3 | W21: It worked | Y21: Did not really teach me anything about linked list. Just seemed like moving blocks around. In my opinion you cant make it any better. | AA21: It was made well I just didn't find it useful.
A22: =COUNTIF(Sheet1!$A$2:$A$17, B21) -> 0 | B22: 63 | C22: 4 | D22: 4 | E22: 4 | F22: 3 | G22: 4 | H22: 4 | I22: 3 | J22: 4 | K22: 4 | L22: 4 | M22: 4 | N22: 4 | O22: 4 | P22: 5 | Q22: 5 | R22: 4 | S22: 3 | T22: 3 | U22: 3 | V22: 3 | W22: Simple usage | X22: n/a | Y22: It told me they werent in alphabetical order but they totally were. | Z22: n/a
A23: =COUNTIF(Sheet1!$A$2:$A$17, B22) -> 0 | B23: 61 | C23: 4 | D23: 4 | E23: 4 | F23: 4 | G23: 4 | H23: 4 | I23: 4 | J23: 4 | K23: 4 | L23: 4 | M23: 4 | N23: 4 | O23: 4 | P23: 3 | Q23: 2 | R23: 3 | S23: 4 | T23: 3 | U23: 4 | V23: 4 | W23: Easy to visualize how the concept works | X23: Being able to discuss the questions and learn from them | Y23: Provide the undo button | Z23: The pop up window for messages is smaller so that it will not cover the commands. | AA23: It is not too complicated and quite easy to use. The connection between two partners working on a question is quite slow.
A24: =COUNTIF(Sheet1!$A$2:$A$17, B23) -> 1 | B24: 58 | C24: 4 | D24: 4 | E24: 4 | F24: 4 | G24: 4 | H24: 4 | I24: 4 | J24: 4 | K24: 4 | L24: 4 | M24: 4 | N24: 4 | O24: 4 | P24: 4 | Q24: 4 | R24: 4 | S24: 4 | T24: 4 | U24: 4 | V24: 4 | W24: change the order of the elements | X24: N/A | Y24: not smart enough | Z24: N/A | AA24: N/A
A25: =COUNTIF(Sheet1!$A$2:$A$17, B24) -> 0 | B25: 57 | C25: 5 | D25: 4 | E25: 5 | F25: 2 | G25: 5 | H25: 5 | I25: 2 | J25: 4 | K25: 4 | L25: 4 | M25: 4 | N25: 4 | O25: 4 | P25: 5 | Q25: 5 | R25: 3 | S25: 4 | T25: 4 | U25: 4 | V25: 3
A26: =COUNTIF(Sheet1!$A$2:$A$17, B25) -> 0 | B26: 56 | C26: 3 | D26: 3 | E26: 3 | F26: 3 | G26: 3 | H26: 3 | I26: 3 | J26: 3 | K26: 3 | L26: 3 | M26: 3 | N26: 3 | O26: 1 | P26: 1 | Q26: 1 | R26: 1 | S26: 1 | T26: 1 | U26: 1 | V26: 3 | Y26: The arrows are hard to use | Z26: the diagrams just keep getting messed up for no reason
A27: =COUNTIF(Sheet1!$A$2:$A$17, B26) -> 1 | B27: 55 | C27: 5 | D27: 5 | E27: 5 | F27: 5 | G27: 5 | H27: 5 | I27: 5 | J27: 5 | K27: 5 | L27: 1 | M27: 1 | N27: 1 | O27: 1 | P27: 1 | Q27: 1 | R27: 1 | S27: 1 | T27: 1 | U27: 1 | V27: 1 | W27: when it didn't bug out | Y27: fix bugs had to submit one thing 15 times
A28: =COUNTIF(Sheet1!$A$2:$A$17, B27) -> 0 | B28: 52 | C28: 4 | D28: 3 | E28: 4 | F28: 4 | G28: 4 | H28: 3 | I28: 3 | J28: 3 | K28: 3 | L28: 5 | M28: 5 | N28: 4 | O28: 4 | P28: 4 | Q28: 4 | R28: 4 | S28: 4 | T28: 4 | U28: 4 | V28: 4 | W28: Kept allowing you to try no matter how many times you submitted an answer | X28: Didn't use them? | Y28: It would be interesting if you could add in code | Z28: because thats what we get tested on for exams. It was nice seeing how it all worked with diagrams like you did; however | AA28: I didn't actually practice any code so I don't know if I am doing that properly | AB28: Didn't use them | AC28: Good work!
A29: =COUNTIF(Sheet1!$A$2:$A$17, B28) -> 0 | B29: 49 | C29: 5 | D29: 4 | E29: 5 | F29: 5 | G29: 5 | H29: 5 | I29: 5 | J29: 4 | L29: 5 | M29: 4 | O29: 4 | P29: 3 | Q29: 3 | R29: 4 | S29: 3 | T29: 4 | U29: 3 | V29: 3 | W29: Colors | X29: N/A | Y29: Instructions could be made in point form | Z29: video tutorial might work. Recommend users to clear cache or disable plugins/add-on on browser as troubleshooting. | AA29: N/A | AB29: Great experience | AC29: a little too easy. Sometimes the answer is right but wrong message appeared.
A30: =COUNTIF(Sheet1!$A$2:$A$17, B29) -> 0 | B30: 45 | C30: 4 | D30: 4 | E30: 4 | F30: 4 | G30: 4 | H30: 4 | I30: 4 | J30: 4 | K30: 4 | L30: 4 | M30: 4 | N30: 4 | O30: 4 | P30: 4 | Q30: 4 | R30: 4 | S30: 4 | T30: 4 | U30: 4 | V30: 3 | W30: Hands on experience with a visual form of linked lists | X30: N/A | Y30: There were some glitches | Z30: N/A
A31: =COUNTIF(Sheet1!$A$2:$A$17, B30) -> 0 | B31: 43 | C31: 4 | D31: 3 | E31: 4 | F31: 3 | G31: 4 | H31: 3 | I31: 3 | J31: 3 | K31: 4 | L31: 4 | M31: 4 | N31: 4 | O31: 3 | P31: 2 | Q31: 3 | R31: 3 | S31: 3 | T31: 3 | U31: 3 | V31: 2 | W31: User interface is really well put together. | X31: I tried to | Y31: but it didn't work. | Z31: Just some minor little issues | AA31: and the partner system didn't work for me. | AB31: N/A | AC31: Well done Matt!
A32: =COUNTIF(Sheet1!$A$2:$A$17, B31) -> 0 | B32: 37 | C32: 1 | D32: 3 | E32: 3 | F32: 3 | G32: 4 | H32: 3 | I32: 4 | J32: 3 | K32: 3 | L32: 4 | M32: 4 | N32: 4 | O32: 4 | P32: 3 | Q32: 4 | R32: 2 | S32: 4 | T32: 4 | U32: 3 | V32: 4 | W32: Earn the bonus mark | X32: two are better than one | Y32: the system is not stable and diagram will automatically move without my command even i dont have a partner. | Z32: when two people are working together | AA32: the diagram should not be moved together. | AB32: maybe more detailed explanations
A33: =COUNTIF(Sheet1!$A$2:$A$17, B32) -> 1 | B33: 36 | C33: 5 | D33: 5 | E33: 5 | F33: 5 | G33: 5 | H33: 5 | I33: 5 | J33: 5 | K33: 5 | L33: 5 | M33: 5 | N33: 5 | O33: 5 | P33: 5 | Q33: 5 | R33: 3 | S33: 3 | T33: 4 | U33: 2 | V33: 3 | W33: A good visual representation of linked lists. | X33: N/A didn't use. | Y33: Sometimes the system would say I got a question wrong when I did it correctly. | Z33: N/A | AA33: Thanks.
A34: =COUNTIF(Sheet1!$A$2:$A$17, B33) -> 0 | B34: 35 | C34: 4 | D34: 3 | E34: 4 | F34: 4 | G34: 4 | H34: 3 | I34: 4 | J34: 3 | K34: 5 | L34: 5 | M34: 5 | N34: 5 | O34: 5 | P34: 3 | Q34: 1 | R34: 1 | S34: 4 | T34: 3 | U34: 2 | V34: 2 | W34: visually showing how nodes work | Y34: less glitchy crap | Z34: both for the interactive diagrams and for the chat window | AB34: glitchy | AC34: but useful
A35: =COUNTIF(Sheet1!$A$2:$A$17, B34) -> 1 | B35: 34 | C35: 3 | D35: 3 | E35: 3 | F35: 3 | G35: 3 | H35: 3 | I35: 3 | J35: 3 | K35: 3 | L35: 3 | M35: 3 | N35: 1 | O35: 1 | P35: 1 | Q35: 1 | R35: 1 | S35: 1 | T35: 1 | U35: 1 | V35: 4 | W35: The end | X35: Getting help when stuck | Y35: The nodes move around by themselves | Z35: even when both my partner and I are not touching the keyboard | AA35: Long delay between what my partner sees on the screen | AB35: I like data structures
A36: =COUNTIF(Sheet1!$A$2:$A$17, B35) -> 1 | B36: 33 | C36: 4 | D36: 3 | E36: 4 | F36: 4 | G36: 3 | H36: 3 | I36: 2 | J36: 2 | K36: 4 | L36: 3 | M36: 4 | N36: 4 | O36: 3 | P36: 3 | Q36: 1 | R36: 1 | S36: 1 | T36: 1 | U36: 1 | V36: 1 | W36: it was simple to understand what to do | X36: i tried but it was impossible it would not work | Y36: it was very glitchy and i did the last 4 right a ton of times but no matter what it wouldnt accept it | Z36: make it work properly | AA36: it hardly worked
A37: =COUNTIF(Sheet1!$A$2:$A$17, B36) -> 0 | B37: 32 | C37: 3 | D37: 3 | E37: 3 | F37: 3 | G37: 3 | H37: 3 | I37: 3 | J37: 3 | K37: 2 | L37: 2 | M37: 2 | N37: 2 | O37: 2 | P37: 2 | Q37: 1 | R37: 2 | S37: 2 | T37: 3 | U37: 2 | V37: 1 | W37: It was easy | X37: I tried using but it wouldn't work | Y37: remove the bugs | Z37: would enter in questions right but get them wrong and sometimes buttons didnt work | AA37: make it work
A38: =COUNTIF(Sheet1!$A$2:$A$17, B37) -> 0 | B38: 30 | C38: 5 | D38: 5 | E38: 4 | F38: 4 | G38: 4 | H38: 3 | I38: 4 | J38: 3 | K38: 4 | L38: 4 | M38: 4 | N38: 3 | O38: 3 | P38: 4 | Q38: 4 | R38: 4 | S38: 3 | T38: 3 | U38: 4 | V38: 4 | W38: The fact that it was so easy | X38: I didn't use the collab part. | Y38: Make it less glitchy and fix the bug errors. | Z38: Didn't use collab part. | AA38: I disliked the portions where the project would glitch out on you and say you have done it wrong when you inserted the correct answers | AB38: forcing you to exit the question and re-enter it.
A39: =COUNTIF(Sheet1!$A$2:$A$17, B38) -> 0 | B39: 27 | C39: 5 | D39: 4 | E39: 5 | F39: 5 | G39: 5 | H39: 4 | I39: 4 | J39: 3 | K39: 5 | L39: 4 | M39: 4 | N39: 4 | O39: 5 | P39: 4 | Q39: 3 | R39: 4 | S39: 4 | T39: 4 | U39: 4 | V39: 4 | W39: the visual representation | X39: I did not use any of the collaborative parts | Y39: At least 5 times I solved the problem correctly and the system rejected my solution. After trying the same solution for the third time | Z39: it finally accepted my solution | AA39: Did not use it. | AB39: You have two 25's in this questionnaire.
A40: =COUNTIF(Sheet1!$A$2:$A$17, B39) -> 0 | B40: 26 | C40: 5 | D40: 4 | E40: 5 | F40: 5 | G40: 5 | H40: 4 | I40: 4 | J40: 4 | K40: 5 | L40: 4 | M40: 4 | N40: 4 | O40: 4 | P40: 3 | Q40: 3 | R40: 3 | S40: 3 | T40: 4 | U40: 3 | V40: 3 | W40: It gives a good visual representation of what i am doing when coding linked lists | X40: Didn't have to figure it all out by myself | Y40: Doing it with a partner was extremely buggy and for the last few question I had to turn it off to make it possible to complete. It worked well enough without the parter aspect. Sometimes the tiles didnt have numbers when it said it should this was usually fixed by restarting that excersize. | Z40: The chat box was very buggy and often glitched out the question while using it. I'm not sure if it was suposed to be where you both did the question editiing the same boxes but if it was there was a very high latency and was very buggy. | AA40: It was decent aside from the partner aspect of it and a few minor bugs that could be fixed by restarting that question. Also i would sometimes get right answers even if i knew they were wrong on a small number of questions.
A41: =COUNTIF(Sheet1!$A$2:$A$17, B40) -> 1 | B41: 25 | C41: 3 | D41: 3 | E41: 3 | F41: 3 | G41: 3 | H41: 3 | I41: 3 | J41: 3 | K41: 3 | L41: 3 | M41: 3 | N41: 3 | O41: 3 | P41: 3 | Q41: 3 | R41: 3 | S41: 3 | T41: 3 | U41: 3 | V41: 3 | W41: Movable nodes | X41: the join questions part with the little chat box | Y41: improve collaborative part as sometimes it is very buggy | Z41: improve collaborative part as sometimes it is very buggy | AA41: Good job on the system | AB41: with more tweaking it could be better though
A42: =COUNTIF(Sheet1!$A$2:$A$17, B41) -> 1 | B42: 24 | C42: 4 | D42: 4 | E42: 4 | F42: 4 | G42: 4 | H42: 4 | I42: 4 | J42: 4 | K42: 4 | L42: 4 | M42: 4 | N42: 4 | O42: 4 | P42: 4 | Q42: 4 | R42: 4 | S42: 3 | T42: 3 | U42: 3 | V42: 3 | W42: its simplicity and effectivness | X42: did not use | Y42: make it easier to move the pointers | Z42: did not use
A43: =COUNTIF(Sheet1!$A$2:$A$17, B42) -> 0 | B43: 23 | C43: 4 | D43: 3 | E43: 4 | F43: 3 | G43: 3 | H43: 3 | I43: 4 | J43: 4 | K43: 5 | L43: 5 | M43: 5 | N43: 4 | O43: 4 | P43: 4 | Q43: 5 | R43: 5 | S43: 5 | T43: 4 | U43: 4 | V43: 4 | W43: easy to move things around | Y43: some coding in there too maybe? | AA43: it was fun!
A44: =COUNTIF(Sheet1!$A$2:$A$17, B43) -> 0 | B44: 21 | C44: 5 | D44: 4 | E44: 5 | F44: 4 | G44: 4 | H44: 4 | I44: 4 | J44: 4 | K44: 4 | L44: 4 | M44: 3 | N44: 3 | O44: 3 | P44: 5 | Q44: 2 | R44: 4 | S44: 4 | T44: 4 | U44: 4 | V44: 1 | W44: It's intuitive and very well structured. | X44: It did not work well | Y44: for me | Z44: the server would glitch just as i was about to answers a question and move everything around. | AA44: The chat box should be in the left hand corner so as not to interfere with selection. | AB44: The co-op is glitch y | AC44: requires improved multiplayer. Chat box auto opens. This is the area where the flaws are most evident | AD44: in individual it works perfect | AE44: great work. | AF44: This is good work | AG44: could use some improvement for functionality and user friendliness . I would like to use this site to preform logic then also practice coding tid-bits. Lastly | AH44: on occasion the right answer would not register or the \block\ commands did not have add/remove pointer.
A45: =COUNTIF(Sheet1!$A$2:$A$17, B44) -> 1 | B45: 20 | C45: 5 | D45: 4 | E45: 5 | F45: 5 | G45: 5 | H45: 4 | I45: 4 | J45: 4 | K45: 5 | L45: 5 | M45: 5 | N45: 5 | O45: 5 | P45: 5 | Q45: 5 | R45: 4 | S45: 4 | T45: 4 | U45: 3 | V45: 3 | W45: It was presented in a very clear way | X45: I could think of any way to improve the visual presentation of the concepts. | Y45: N/A | Z45: Sometimes I had difficulty finding the buttons I needed. It might be useful to rearrange the options list so that buttons don't automatically reorganize themselves into new positions. | AA45: N/A | AB45: I encountered a question asking me to organize a list of letters in numerical order | AC45: which was very confusing. Other than that it was a very useful learning tool.
A46: =COUNTIF(Sheet1!$A$2:$A$17, B45) -> 0 | B46: 17 | C46: 5 | D46: 5 | E46: 5 | F46: 5 | G46: 5 | H46: 5 | I46: 5 | J46: 5 | K46: 5 | L46: 5 | M46: 5 | N46: 5 | O46: 5 | P46: 5 | Q46: 5 | R46: 5 | S46: 5 | T46: 5 | U46: 5 | V46: 5 | W46: Repetition. Ensures you know how to do each aspect of LinekdLists | Y46: It was a little buggy (adding arrows/removing) | Z46: but I didn't expect for it to be absolutely flawless.
A47: =COUNTIF(Sheet1!$A$2:$A$17, B46) -> 0 | B47: 16 | C47: 2 | D47: 2 | E47: 4 | F47: 4 | G47: 4 | H47: 2 | I47: 2 | J47: 2 | K47: 5 | L47: 2 | M47: 2 | N47: 3 | O47: 2 | P47: 3 | Q47: 4 | R47: 4 | S47: 3 | T47: 3 | U47: 3 | V47: 3 | W47: It teaches the theoroy | Y47: Add some actual code implementation pieces | Z47: also int - 4 ---> int = 4 | AB47: A lot of questions would reject correct answers | AC47: going through I think that it is displaying variables but storing different ones as it's value
A48: =COUNTIF(Sheet1!$A$2:$A$17, B47) -> 0 | B48: 14 | C48: 4 | D48: 4 | E48: 4 | F48: 4 | G48: 4 | H48: 4 | I48: 4 | J48: 4 | K48: 4 | L48: 4 | M48: 4 | N48: 4 | O48: 4 | P48: 4 | Q48: 3 | R48: 3 | S48: 4 | T48: 2 | U48: 3 | V48: 2 | W48: The simplicity and creativeness | X48: not sure | Y48: More consistant when changing the lines | Z48: not sure
A49: =COUNTIF(Sheet1!$A$2:$A$17, B48) -> 0 | B49: 12 | C49: 4 | D49: 4 | E49: 4 | F49: 4 | G49: 4 | H49: 4 | I49: 3 | J49: 3 | K49: 4 | L49: 4 | M49: 4 | N49: 4 | O49: 4 | P49: 4 | Q49: 2 | R49: 4 | S49: 4 | T49: 4 | U49: 3 | V49: 2 | W49: The visual and interactive aspects of the system make things easier to understand than simply verbal instruction | X49: ? | Y49: Occasionally I run into bugs | Z49: where if I took too many steps (or a different order) but my answer was correct. The system would reject my correct answer. Also the buttons were a little finicky | AA49: ? | AB49: I liked the program and its intention | AC49: but it felt slightly clunky and there were a few bugs. I like the program | AD49: it has a lot of potential | AE49: but could be smoothed out maybe. If you were to make more of them for visual topics. I could definitely see myself and other people using them.
A50: =COUNTIF(Sheet1!$A$2:$A$17, B49) -> 0 | B50: 11 | C50: 5 | D50: 5 | E50: 5 | F50: 5 | G50: 5 | H50: 5 | I50: 5 | J50: 5 | K50: 5 | L50: 5 | M50: 5 | N50: 5 | O50: 5 | P50: 5 | Q50: 5 | R50: 5 | S50: 5 | T50: 5 | U50: 5 | V50: 5 | W50: How easy it is to pick up and understand how to use it. | X50: N/A | Y50: There were a few parts where I got the question wrong | Z50: even though it was right. Went back and did the same thing and was then marked as correct. (specifically in the removing portions) | AA50: N/A | AB50: Loved it. Job well done!
A51: =COUNTIF(Sheet1!$A$2:$A$17, B50) -> 0 | B51: 8 | C51: 4 | D51: 4 | E51: 4 | F51: 4 | G51: 4 | H51: 4 | I51: 4 | J51: 4 | K51: 4 | L51: 4 | M51: 4 | N51: 4 | O51: 4 | P51: 4 | Q51: 4 | R51: 4 | S51: 4 | T51: 4 | V51: 4 | W51: Helps to see how linked lists work. | X51: N/A | Y51: N/A | Z51: N/A | AA51: This was an interesting project to work on and test.
A52: =COUNTIF(Sheet1!$A$2:$A$17, B51) -> 0 | B52: 7 | C52: 4 | D52: 4 | E52: 4 | F52: 4 | G52: 4 | H52: 4 | I52: 4 | J52: 4 | K52: 4 | L52: 4 | M52: 4 | N52: 4 | O52: 4 | Q52: 4 | R52: 4 | S52: 4 | T52: 4 | U52: 4 | V52: 4 | W52: Diagram | X52: team work | Y52: working on glitches | Z52: fixing chat bugs
A53: =COUNTIF(Sheet1!$A$2:$A$17, B52) -> 1 | B53: 6 | C53: 4 | D53: 3 | E53: 4 | F53: 3 | G53: 4 | H53: 4 | I53: 4 | K53: 5 | L53: 2 | M53: 2 | N53: 5 | O53: 5 | P53: 2 | Q53: 3 | R53: 4 | S53: 4 | T53: 4 | U53: 4 | V53: 3 | W53: Visual presentation of the linked list. Nice being able to drag them around. | X53: n/a | Y53: Make the hints actually useful. Some questions such as sort 1 and 2 can be solved using two temporary variables | Z53: but if you do it that way you still get it wrong and it isn't obvious why. Some questions don't match up with the nodes on the screen. | AB53: Good stuff. Just needs some polish.
A54: =COUNTIF(Sheet1!$A$2:$A$17, B53) -> 0 | B54: 4 | C54: 5 | D54: 5 | E54: 5 | F54: 5 | G54: 5 | H54: 5 | I54: 5 | J54: 5 | K54: 5 | L54: 5 | M54: 5 | N54: 5 | O54: 5 | P54: 5 | Q54: 5 | R54: 5 | S54: 5 | T54: 5 | U54: 5 | V54: 5 | W54: It really helps to visualize what the linked list data structure is | X54: N/A | Y54: being able to add more variables | Z54: while easy to do with the allotted ones | AA54: if you misclick | AB54: you need to restart | AC54: N/A | AD54: I understand what everything in this project does | AE54: I feel pointer could be better implemented as in \ connect this to this\ sometimes it's frustrating when you delete half the project by accident
B55: Both Post | C55: =AVERAGE(C2:C54) -> 4 | D55: =AVERAGE(D2:D54) -> 3.6981132 | E55: =AVERAGE(E2:E54) -> 4.0943396 | F55: =AVERAGE(F2:F54) -> 3.9230769 | G55: =AVERAGE(G2:G54) -> 4.0754717 | H55: =AVERAGE(H2:H54) -> 3.7169811 | I55: =AVERAGE(I2:I54) -> 3.6415094 | J55: =AVERAGE(J2:J54) -> 3.6538462 | ... V55: =AVERAGE(V2:V54) -> 3.1509434
B56: Collab Post | C56: =AVERAGEIF($A:$A, 1,C:C ) -> 4.0714286 | D56: =AVERAGEIF($A:$A, 1,D:D ) -> 3.8571429 | E56: =AVERAGEIF($A:$A, 1,E:E ) -> 4.0714286 | F56: =AVERAGEIF($A:$A, 1,F:F ) -> 4 | G56: =AVERAGEIF($A:$A, 1,G:G ) -> 4 | H56: =AVERAGEIF($A:$A, 1,H:H ) -> 3.9285714 | I56: =AVERAGEIF($A:$A, 1,I:I ) -> 3.8571429 | J56: =AVERAGEIF($A:$A, 1,J:J ) -> 3.8461538 | K56: =AVERAGEIF($A:$A, 1,K:K ) -> 4.1428571 | L56: =AVERAGEIF($A:$A, 1,L:L ) -> 3.5
B57: Ind Post | C57: =AVERAGEIF($A:$A, 0,C:C ) -> 3.974359 | D57: =AVERAGEIF($A:$A, 0,D:D ) -> 3.6410256 | E57: =AVERAGEIF($A:$A, 0,E:E ) -> 4.1025641 | F57: =AVERAGEIF($A:$A, 0,F:F ) -> 3.8947368 | G57: =AVERAGEIF($A:$A, 0,G:G ) -> 4.1025641 | H57: =AVERAGEIF($A:$A, 0,H:H ) -> 3.6410256 | I57: =AVERAGEIF($A:$A, 0,I:I ) -> 3.5641026 | J57: =AVERAGEIF($A:$A, 0,J:J ) -> 3.5897436 | K57: =AVERAGEIF($A:$A, 0,K:K ) -> 3.9444444 | L57: =AVERAGEIF($A:$A, 0,L:L ) -> 4.0512821 | P57: Easy to learn | Q57: Easy to use | R57: Fun to use | S57: Would use for CS | T57: Would use for other | U57: Recommend to a friend
C59: Comfort | D59: Code for lists | E59: Insert | F59: Find | G59: Delete | H59: Code for Insert | I59: Code for Find | J59: Code for Delete | K59: Diagram Connection | L59: Diagram Helps
B64: Both | C64: 3.3018868 | D64: 3.2075472 | E64: 3.3846154 | F64: 3.1509434 | G64: 3.4150943 | H64: 3.2264151 | I64: 3.1538462 | J64: 3.245283 | K64: 3.3396226 | L64: 3.5471698
B65: Collab | C65: 3 | D65: 2.8571429 | E65: 3.1428571 | F65: 2.9285714 | G65: 3.1428571 | H65: 2.9285714 | I65: 3 | J65: 3.0714286 | K65: 3.0714286 | L65: 3.4285714
B66: Ind | C66: 3.4102564 | D66: 3.3333333 | E66: 3.4736842 | F66: 3.2307692 | G66: 3.5128205 | H66: 3.3333333 | I66: 3.2051282 | J66: 3.3076923 | K66: 3.4358974 | L66: 3.5897436
B67: Both Post | C67: 4 | D67: 3.6981132 | E67: 4.0943396 | F67: 3.9230769 | G67: 4.0754717 | H67: 3.7169811 | I67: 3.6415094 | J67: 3.6538462 | K67: 4 | L67: 3.9056604
B68: Collab Post | C68: 4.0714286 | D68: 3.8571429 | E68: 4.0714286 | F68: 4 | G68: 4 | H68: 3.9285714 | I68: 3.8571429 | J68: 3.8461538 | K68: 4.1428571 | L68: 3.5
B69: Ind Post | C69: 3.974359 | D69: 3.6410256 | E69: 4.1025641 | F69: 3.8947368 | G69: 4.1025641 | H69: 3.6410256 | I69: 3.5641026 | J69: 3.5897436 | K69: 3.9444444 | L69: 4.0512821

Sheet Sheet1
A1: Users who Collaborated
A2: 26
A3: 25
A4: 56
A5: 21
A6: 66
A7: 61
A8: 35
A9: 37
A10: 71
A11: 70 | C11: Both | D11: 3.3018868 | E11: 3.2075472 | F11: 3.3846154 | G11: 3.1509434 | H11: 3.4150943 | I11: 3.2264151 | J11: 3.1538462 | K11: 3.245283 | L11: 3.3396226 | M11: 3.5471698
A12: 76 | C12: Collab | D12: 3 | E12: 2.8571429 | F12: 3.1428571 | G12: 2.9285714 | H12: 3.1428571 | I12: 2.9285714 | J12: 3 | K12: 3.0714286 | L12: 3.0714286 | M12: 3.4285714
A13: 69 | C13: Ind | D13: 3.4102564 | E13: 3.3333333 | F13: 3.4736842 | G13: 3.2307692 | H13: 3.5128205 | I13: 3.3333333 | J13: 3.2051282 | K13: 3.3076923 | L13: 3.4358974 | M13: 3.5897436
A14: 7
A15: 34
A16: 77
A17: 67

Sheet Average time collab
A1: 7 | B1: 1003 | C1: 21 | D1: 89 | E1: 25 | F1: 33 | G1: 26 | H1: 423 | I1: 34 | J1: 124 | K1: 35 | L1: 59 | M1: 37 | N1: 427 | O1: 56 | P1: 31 | Q1: 61 | R1: 34 | S1: 66 | T1: 36 | U1: 67 | V1: 231 | W1: 69 | X1: 32 | Y1: 70 | Z1: 141 | AA1: 71 | AB1: 29 | AC1: 76 | AD1: 95 | AE1: 77 | AF1: 25
A2: 7 | B2: 70 | C2: 21 | D2: 29 | E2: 25 | F2: 25 | G2: 26 | H2: 6 | I2: 34 | J2: 13 | K2: 35 | L2: 16 | M2: 37 | N2: 67 | O2: 56 | P2: 108 | Q2: 61 | R2: 81 | S2: 66 | T2: 23 | W2: 69 | X2: 48 | Y2: 70 | Z2: 104 | AA2: 71 | AB2: 67 | AC2: 76 | AD2: 639 | AE2: 77 | AF2: 15
A3: 7 | B3: 26 | C3: 21 | D3: 20 | E3: 25 | F3: 136 | G3: 26 | H3: 38 | I3: 34 | J3: 4 | K3: 35 | L3: 55 | M3: 37 | N3: 355 | O3: 56 | P3: 123 | Q3: 61 | R3: 90 | S3: 66 | T3: 16 | W3: 69 | X3: 136 | Y3: 70 | Z3: 30 | AA3: 71 | AB3: 34 | AC3: 76 | AD3: 54 | AE3: 77 | AF3: 13
A4: 7 | B4: 11 | C4: 21 | D4: 17 | E4: 25 | F4: 114 | G4: 26 | H4: 75 | I4: 34 | J4: 149 | K4: 35 | L4: 23 | M4: 37 | N4: 129 | O4: 56 | P4: 51 | Q4: 61 | R4: 50 | S4: 66 | T4: 40 | W4: 69 | X4: 26 | Y4: 70 | Z4: 65 | AA4: 71 | AB4: 36 | AC4: 76 | AD4: 33 | AE4: 77 | AF4: 15
A5: 7 | B5: 202 | C5: 21 | D5: 60 | E5: 25 | F5: 207 | G5: 26 | H5: 104 | I5: 34 | J5: 26 | K5: 35 | L5: 23 | M5: 37 | N5: 115 | O5: 56 | P5: 125 | Q5: 61 | R5: 35 | S5: 66 | T5: 18 | W5: 69 | X5: 24 | Y5: 70 | Z5: 52 | AA5: 71 | AB5: 24 | AC5: 76 | AD5: 16 | AE5: 77 | AF5: 18
A6: 7 | B6: 83 | C6: 21 | D6: 24 | E6: 25 | F6: 69 | G6: 26 | H6: 123 | K6: 35 | L6: 16 | M6: 37 | N6: 34 | O6: 56 | P6: 57 | Q6: 61 | R6: 34 | S6: 66 | T6: 18 | W6: 69 | X6: 21 | Y6: 70 | Z6: 26 | AA6: 71 | AB6: 26 | AC6: 76 | AD6: 41 | AE6: 77 | AF6: 12
A7: 7 | B7: 375 | C7: 21 | D7: 28 | E7: 25 | F7: 5 | G7: 26 | H7: 160 | K7: 35 | L7: 17 | M7: 37 | N7: 55 | O7: 56 | P7: 28 | Q7: 61 | R7: 30 | S7: 66 | T7: 13 | W7: 69 | X7: 26 | Y7: 70 | Z7: 31 | AA7: 71 | AB7: 18 | AC7: 76 | AD7: 16 | AE7: 77 | AF7: 16
A8: 7 | B8: 164 | C8: 21 | D8: 9 | E8: 25 | F8: 21 | G8: 26 | H8: 32 | K8: 35 | L8: 19 | M8: 37 | N8: 88 | O8: 56 | P8: 50 | Q8: 61 | R8: 28 | S8: 66 | T8: 27 | W8: 69 | X8: 19 | Y8: 70 | Z8: 25 | AA8: 71 | AB8: 19 | AC8: 76 | AD8: 15 | AE8: 77 | AF8: 11
A9: 7 | B9: 73 | C9: 21 | D9: 11 | E9: 25 | F9: 48 | G9: 26 | H9: 30 | K9: 35 | L9: 10 | M9: 37 | N9: 18 | O9: 56 | P9: 65 | Q9: 61 | R9: 81 | S9: 66 | T9: 8 | W9: 69 | X9: 21 | Y9: 70 | Z9: 14 | AA9: 71 | AB9: 15 | AC9: 76 | AD9: 13 | AE9: 77 | AF9: 28
A10: 7 | B10: 72 | C10: 21 | D10: 15 | E10: 25 | F10: 69 | G10: 26 | H10: 30 | K10: 35 | L10: 7 | O10: 56 | P10: 36 | Q10: 61 | R10: 30 | S10: 66 | T10: 10 | W10: 69 | X10: 24 | Y10: 70 | Z10: 16 | AA10: 71 | AB10: 11 | AC10: 76 | AD10: 14 | AE10: 77 | AF10: 6
A11: 7 | B11: 32 | C11: 21 | D11: 10 | E11: 25 | F11: 70 | G11: 26 | H11: 21 | K11: 35 | L11: 7 | O11: 56 | P11: 41 | Q11: 61 | R11: 45 | S11: 66 | T11: 11 | W11: 69 | X11: 9 | Y11: 70 | Z11: 15 | AA11: 71 | AB11: 7 | AC11: 76 | AD11: 10 | AE11: 77 | AF11: 6
A12: 7 | B12: 33 | C12: 21 | D12: 12 | E12: 25 | F12: 25 | G12: 26 | H12: 27 | K12: 35 | L12: 5 | O12: 56 | P12: 39 | Q12: 61 | R12: 43 | S12: 66 | T12: 8 | W12: 69 | X12: 38 | Y12: 70 | Z12: 20 | AA12: 71 | AB12: 117 | AC12: 76 | AD12: 9 | AE12: 77 | AF12: 16
A13: 7 | B13: 44 | C13: 21 | D13: 9 | E13: 25 | F13: 126 | G13: 26 | H13: 20 | K13: 35 | L13: 5 | O13: 56 | P13: 22 | Q13: 61 | R13: 28 | S13: 66 | T13: 12 | W13: 69 | X13: 25 | Y13: 70 | Z13: 7 | AA13: 71 | AB13: 29 | AC13: 76 | AD13: 8 | AE13: 77 | AF13: 22
A14: 7 | B14: 16 | C14: 21 | D14: 16 | E14: 25 | F14: 15 | G14: 26 | H14: 23 | K14: 35 | L14: 5 | O14: 56 | P14: 76 | Q14: 61 | R14: 35 | S14: 66 | T14: 8 | W14: 69 | X14: 37 | Y14: 70 | Z14: 21 | AA14: 71 | AB14: 39 | AC14: 76 | AD14: 20 | AE14: 77 | AF14: 41
A15: 7 | B15: 20 | C15: 21 | D15: 19 | E15: 25 | F15: 59 | G15: 26 | H15: 61 | K15: 35 | L15: 71 | O15: 56 | P15: 57 | Q15: 61 | R15: 37 | S15: 66 | T15: 8 | W15: 69 | X15: 45 | Y15: 70 | Z15: 12 | AA15: 71 | AB15: 26 | AC15: 76 | AD15: 16 | AE15: 77 | AF15: 12
A16: 7 | B16: 15 | C16: 21 | D16: 9 | E16: 25 | F16: 28 | G16: 26 | H16: 14 | K16: 35 | L16: 11 | O16: 56 | P16: 51 | Q16: 61 | R16: 29 | S16: 66 | T16: 11 | W16: 69 | X16: 59 | Y16: 70 | Z16: 13 | AA16: 71 | AB16: 17 | AC16: 76 | AD16: 43 | AE16: 77 | AF16: 11
A17: 7 | B17: 16 | C17: 21 | D17: 31 | E17: 25 | F17: 59 | G17: 26 | H17: 17 | K17: 35 | L17: 31 | O17: 56 | P17: 29 | Q17: 61 | R17: 19 | S17: 66 | T17: 6 | W17: 69 | X17: 50 | Y17: 70 | Z17: 18 | AA17: 71 | AB17: 24 | AC17: 76 | AD17: 21 | AE17: 77 | AF17: 9
A18: 7 | B18: 14 | C18: 21 | D18: 17 | E18: 25 | F18: 88 | G18: 26 | H18: 54 | K18: 35 | L18: 7 | O18: 56 | P18: 47 | Q18: 61 | R18: 193 | S18: 66 | T18: 8 | W18: 69 | X18: 33 | Y18: 70 | Z18: 22 | AA18: 71 | AB18: 682 | AC18: 76 | AD18: 34 | AE18: 77 | AF18: 481
A19: 7 | B19: 47 | C19: 21 | D19: 12 | E19: 25 | F19: 522 | G19: 26 | H19: 71 | K19: 35 | L19: 24 | O19: 56 | P19: 19 | S19: 66 | T19: 14 | W19: 69 | X19: 32 | Y19: 70 | Z19: 15 | AA19: 71 | AB19: 71 | AC19: 76 | AD19: 6 | AE19: 77 | AF19: 62
A20: 7 | B20: 475 | C20: 21 | D20: 115 | G20: 26 | H20: 47 | K20: 35 | L20: 10 | O20: 56 | P20: 20 | S20: 66 | T20: 12 | W20: 69 | X20: 31 | Y20: 70 | Z20: 13 | AA20: 71 | AB20: 128 | AC20: 76 | AD20: 13 | AE20: 77 | AF20: 76
A21: 7 | B21: 199 | C21: 21 | D21: 141 | G21: 26 | H21: 59 | K21: 35 | L21: 23 | O21: 56 | P21: 75 | S21: 66 | T21: 18 | Y21: 70 | Z21: 15 | AA21: 71 | AB21: 77 | AC21: 76 | AD21: 21 | AE21: 77 | AF21: 500
A22: 7 | B22: 206 | C22: 21 | D22: 120 | G22: 26 | H22: 23 | K22: 35 | L22: 14 | O22: 56 | P22: 65 | S22: 66 | T22: 14 | Y22: 70 | Z22: 11 | AA22: 71 | AB22: 76 | AC22: 76 | AD22: 9 | AE22: 77 | AF22: 154
A23: 7 | B23: 225 | C23: 21 | D23: 43 | G23: 26 | H23: 80 | K23: 35 | L23: 7 | O23: 56 | P23: 64 | S23: 66 | T23: 14 | Y23: 70 | Z23: 130 | AA23: 71 | AB23: 92 | AC23: 76 | AD23: 226 | AE23: 77 | AF23: 110
A24: 7 | B24: 14 | C24: 21 | D24: 105 | G24: 26 | H24: 148 | K24: 35 | L24: 65 | O24: 56 | P24: 93 | S24: 66 | T24: 7 | Y24: 70 | Z24: 261 | AC24: 76 | AD24: 64 | AE24: 77 | AF24: 267
A25: 7 | B25: 168 | C25: 21 | D25: 148 | G25: 26 | H25: 54 | K25: 35 | L25: 20 | O25: 56 | P25: 176 | S25: 66 | T25: 15 | Y25: 70 | Z25: 98 | AC25: 76 | AD25: 55 | AE25: 77 | AF25: 158
A26: 7 | B26: 20 | G26: 26 | H26: 21 | K26: 35 | L26: 38 | O26: 56 | P26: 80 | S26: 66 | T26: 12 | Y26: 70 | Z26: 24 | AC26: 76 | AD26: 44 | AE26: 77 | AF26: 36
A27: 7 | B27: 140 | G27: 26 | H27: 21 | K27: 35 | L27: 24 | O27: 56 | P27: 110 | S27: 66 | T27: 33 | Y27: 70 | Z27: 132 | AC27: 76 | AD27: 54 | AE27: 77 | AF27: 43
A28: 7 | B28: 42 | G28: 26 | H28: 53 | K28: 35 | L28: 17 | S28: 66 | T28: 13 | Y28: 70 | Z28: 67 | AC28: 76 | AD28: 131 | AE28: 77 | AF28: 38
A29: 7 | B29: 49 | G29: 26 | H29: 141 | K29: 35 | L29: 22 | S29: 66 | T29: 22 | AC29: 76 | AD29: 64 | AE29: 77 | AF29: 25
A30: 7 | B30: 221 | G30: 26 | H30: 43 | S30: 66 | T30: 57 | AE30: 77 | AF30: 40
A31: 7 | B31: 320 | G31: 26 | H31: 40 | S31: 66 | T31: 35 | AE31: 77 | AF31: 63
A32: 7 | B32: 1583 | G32: 26 | H32: 69 | AE32: 77 | AF32: 152
A33: 7 | B33: 184 | G33: 26 | H33: 35
A34: 7 | B34: 43 | G34: 26 | H34: 23
A35: 7 | B35: 156 | G35: 26 | H35: 178
A36: 7 | B36: 121 | G36: 26 | H36: 74
A37: 7 | B37: 39 | G37: 26 | H37: 94
A38: 7 | B38: 80 | G38: 26 | H38: 101
A39: 7 | B39: 107 | G39: 26 | H39: 87
A40: 7 | B40: 230 | G40: 26 | H40: 102
A41: 7 | B41: 16 | G41: 26 | H41: 33
A42: 7 | B42: 790 | G42: 26 | H42: 24
G43: 26 | H43: 58
G44: 26 | H44: 34
G45: 26 | H45: 20
G46: 26 | H46: 40
A47: Average Time Per Question
A48: =AVERAGE(B1,D1,F1,H1,J1,L1,N1,P1,R1,T1,V1,X1,Z1,AB1,AD1,AF1) -> 175.75 | C48: =AVERAGE(A48:A69) -> 60.009972
A49: =AVERAGE(B2,D2,F2,H2,J2,L2,N2,P2,R2,T2,V2,X2,Z2,AB2,AD2,AF2) -> 87.4
A50: =AVERAGE(B3,D3,F3,H3,J3,L3,N3,P3,R3,T3,V3,X3,Z3,AB3,AD3,AF3) -> 75.333333
A51: =AVERAGE(B4,D4,F4,H4,J4,L4,N4,P4,R4,T4,V4,X4,Z4,AB4,AD4,AF4) -> 55.6
A52: =AVERAGE(B5,D5,F5,H5,J5,L5,N5,P5,R5,T5,V5,X5,Z5,AB5,AD5,AF5) -> 69.933333
A53: =AVERAGE(B6,D6,F6,H6,J6,L6,N6,P6,R6,T6,V6,X6,Z6,AB6,AD6,AF6) -> 41.714286
A54: =AVERAGE(B7,D7,F7,H7,J7,L7,N7,P7,R7,T7,V7,X7,Z7,AB7,AD7,AF7) -> 58.428571
A55: =AVERAGE(B8,D8,F8,H8,J8,L8,N8,P8,R8,T8,V8,X8,Z8,AB8,AD8,AF8) -> 37.642857 | C55: Attempt | D55: Correct Attempt | E55: Incorrect Attempt
A56: =AVERAGE(B9,D9,F9,H9,J9,L9,N9,P9,R9,T9,V9,X9,Z9,AB9,AD9,AF9) -> 31.071429 | B56: Collaborative | C56: 60.009972 | D56: 59.948017 | E56: 85.396354
A57: =AVERAGE(B10,D10,F10,H10,J10,L10,N10,P10,R10,T10,V10,X10,Z10,AB10,AD10,AF10) -> 26.153846 | B57: Individual | C57: 51.486662 | D57: 35.703021 | E57: 79.384181
A58: =AVERAGE(B11,D11,F11,H11,J11,L11,N11,P11,R11,T11,V11,X11,Z11,AB11,AD11,AF11) -> 21.846154
A59: =AVERAGE(B12,D12,F12,H12,J12,L12,N12,P12,R12,T12,V12,X12,Z12,AB12,AD12,AF12) -> 30.153846
A60: =AVERAGE(B13,D13,F13,H13,J13,L13,N13,P13,R13,T13,V13,X13,Z13,AB13,AD13,AF13) -> 27.461538
A61: =AVERAGE(B14,D14,F14,H14,J14,L14,N14,P14,R14,T14,V14,X14,Z14,AB14,AD14,AF14) -> 27.076923
A62: =AVERAGE(B15,D15,F15,H15,J15,L15,N15,P15,R15,T15,V15,X15,Z15,AB15,AD15,AF15) -> 34.076923
A63: =AVERAGE(B16,D16,F16,H16,J16,L16,N16,P16,R16,T16,V16,X16,Z16,AB16,AD16,AF16) -> 23.923077
A64: =AVERAGE(B17,D17,F17,H17,J17,L17,N17,P17,R17,T17,V17,X17,Z17,AB17,AD17,AF17) -> 25.384615
A65: =AVERAGE(B18,D18,F18,H18,J18,L18,N18,P18,R18,T18,V18,X18,Z18,AB18,AD18,AF18) -> 129.23077
A66: =AVERAGE(B19,D19,F19,H19,J19,L19,N19,P19,R19,T19,V19,X19,Z19,AB19,AD19,AF19) -> 74.583333
A67: =AVERAGE(B20,D20,F20,H20,J20,L20,N20,P20,R20,T20,V20,X20,Z20,AB20,AD20,AF20) -> 85.454545
A68: =AVERAGE(B21,D21,F21,H21,J21,L21,N21,P21,R21,T21,V21,X21,Z21,AB21,AD21,AF21) -> 112.8
A69: =AVERAGE(B22,D22,F22,H22,J22,L22,N22,P22,R22,T22,V22,X22,Z22,AB22,AD22,AF22) -> 69.2
... A89: =AVERAGE(B42,D42,F42,H42,J42,L42,N42,P42,R42,T42,V42,X42,Z42,AB42,AD42,AF42) -> 407

Sheet Average Time
A1: 1 | B1: 61 | C1: 12 | D1: 12 | E1: 11 | F1: 8 | G1: 19 | H1: 61 | I1: 41 | J1: 107 | K1: 29 | L1: 8 | M1: 11
A2: 4 | B2: 53 | C2: 17 | D2: 17 | E2: 33 | F2: 106 | G2: 73 | H2: 67 | I2: 7 | J2: 15 | K2: 11 | L2: 15 | M2: 26 | N2: 12 | O2: 8 | P2: 41 | Q2: 6 | R2: 6 | S2: 16 | T2: 12 | U2: 7 | V2: 42 | W2: 9 | X2: 19 | Y2: 9 | Z2: 16 | AA2: 8 | AB2: 24 | AC2: 8 | AD2: 9 | AE2: 291 | AF2: 66 | AG2: 14 | AH2: 32 | AI2: 92 | AJ2: 39 | AK2: 51 | AL2: 62
A3: 5 | B3: 61 | C3: 61 | D3: 61 | E3: 61 | F3: 61 | G3: 61 | H3: 61 | I3: 61 | J3: 61 | K3: 61 | L3: 61 | M3: 61 | N3: 61 | O3: 61 | P3: 61 | Q3: 61 | R3: 61
A4: 6 | B4: 61 | C4: 61 | D4: 61 | E4: 61 | F4: 61 | G4: 61 | H4: 61 | I4: 61 | J4: 61 | K4: 61 | L4: 61 | M4: 61 | N4: 61 | O4: 61 | P4: 61 | Q4: 61 | R4: 61 | S4: 61 | T4: 61 | U4: 61 | V4: 61 | W4: 61 | X4: 61 | Y4: 61 | Z4: 61 | AA4: 61 | AB4: 61 | AC4: 61 | AD4: 61 | AE4: 61 | AF4: 61 | AG4: 61 | AH4: 61 | AI4: 61 | AJ4: 61 | AK4: 61 | AL4: 61 | AM4: 61 | AN4: 61 | AO4: 61 | AP4: 61 | AQ4: 61 | AR4: 61 | AS4: 61 | AT4: 61 | AU4: 61 | AV4: 61
A5: 8 | B5: 69 | C5: 34 | D5: 83 | E5: 87 | F5: 13 | G5: 28 | H5: 28 | I5: 17 | J5: 47 | K5: 24 | L5: 19 | M5: 12 | N5: 24 | O5: 11 | P5: 11 | Q5: 45 | R5: 33 | S5: 13 | T5: 19 | U5: 13 | V5: 6 | W5: 244 | X5: 93 | Y5: 203 | Z5: 48 | AA5: 87
A6: 11 | B6: 61 | C6: 61 | D6: 61 | E6: 61 | F6: 61 | G6: 61 | H6: 61 | I6: 61 | J6: 61 | K6: 61 | L6: 61 | M6: 61 | N6: 61 | O6: 61 | P6: 61 | Q6: 61 | R6: 61 | S6: 61 | T6: 61 | U6: 61 | V6: 61 | W6: 61 | X6: 61 | Y6: 61 | Z6: 61 | AA6: 61 | AB6: 61 | AC6: 61 | AD6: 61 | AE6: 61
A7: 12 | B7: 61 | C7: 61 | D7: 61 | E7: 61 | F7: 61 | G7: 61 | H7: 61 | I7: 61 | J7: 61 | K7: 61 | L7: 61 | M7: 61 | N7: 61 | O7: 61 | P7: 61 | Q7: 61 | R7: 61 | S7: 61 | T7: 61 | U7: 61 | V7: 61 | W7: 61 | X7: 61 | Y7: 61 | Z7: 65 | AA7: 16 | AB7: 25 | AC7: 25 | AD7: 7 | AE7: 39 | AF7: 16 | AG7: 19 | AH7: 17 | AI7: 142 | AJ7: 69 | AK7: 77 | AL7: 582 | AM7: 70 | AN7: 53
A8: 13 | B8: 61 | C8: 61 | D8: 61 | E8: 61 | F8: 61 | G8: 61 | H8: 61 | I8: 61 | J8: 61 | K8: 61 | L8: 61 | M8: 61 | N8: 61 | O8: 61 | P8: 61 | Q8: 61 | R8: 61 | S8: 61 | T8: 61 | U8: 61 | V8: 61 | W8: 61 | X8: 61 | Y8: 61 | Z8: 61 | AA8: 61 | AB8: 61 | AC8: 61 | AD8: 61
A9: 14 | B9: 15 | C9: 27 | D9: 21 | E9: 21 | F9: 65 | G9: 20 | H9: 24 | I9: 59 | J9: 71 | K9: 183 | L9: 65 | M9: 42 | N9: 31 | O9: 92 | P9: 70 | Q9: 19 | R9: 16 | S9: 37 | T9: 37 | U9: 47 | V9: 36 | W9: 14 | X9: 51 | Y9: 20 | Z9: 16 | AA9: 11 | AB9: 7 | AC9: 10 | AD9: 13 | AE9: 6 | AF9: 5 | AG9: 18 | AH9: 26 | AI9: 62 | AJ9: 115 | AK9: 59 | AL9: 266 | AM9: 154 | AN9: 7 | AO9: 11 | AP9: 38 | AQ9: 3 | AR9: 17 | AS9: 6 | AT9: 15 | AU9: 9 | AV9: 1090 | AW9: 155 | AX9: 353 | AY9: 1809 | AZ9: 211 | BA9: 147 | BB9: 245 | BC9: 26 | BD9: 48 | BE9: 48 | BF9: 35 | BG9: 48
A10: 15 | B10: 61 | C10: 61 | D10: 61 | E10: 61 | F10: 61 | G10: 61 | H10: 61 | I10: 61 | J10: 61 | K10: 61 | L10: 61 | M10: 61 | N10: 61 | O10: 61 | P10: 61 | Q10: 61 | R10: 61 | S10: 61 | T10: 61 | U10: 61 | V10: 61 | W10: 61 | X10: 61 | Y10: 61 | Z10: 61 | AA10: 61 | AB10: 61 | AC10: 61 | AD10: 61 | AE10: 61 | AF10: 61 | AG10: 61 | AH10: 61 | AI10: 61 | AJ10: 61 | AK10: 61 | AL10: 61 | AM10: 61 | AN10: 61 | AO10: 61 | AP10: 61
A11: 16 | B11: 61 | C11: 61 | D11: 61 | E11: 61 | F11: 61 | G11: 61 | H11: 61 | I11: 61 | J11: 61 | K11: 61 | L11: 61 | M11: 61 | N11: 61 | O11: 61 | P11: 61 | Q11: 61 | R11: 61 | S11: 61 | T11: 61 | U11: 61 | V11: 61 | W11: 61 | X11: 61 | Y11: 61 | Z11: 61 | AA11: 61 | AB11: 61 | AC11: 61 | AD11: 61 | AE11: 61 | AF11: 61 | AG11: 61 | AH11: 61 | AI11: 61 | AJ11: 61 | AK11: 61 | AL11: 61 | AM11: 61 | AN11: 61 | AO11: 61 | AP11: 61 | AQ11: 61 | AR11: 61 | AS11: 61 | AT11: 61 | AU11: 61 | AV11: 61 | AW11: 61 | AX11: 61 | AY11: 61 | AZ11: 61 | BA11: 61 | BB11: 61 | BC11: 61 | BD11: 61 | BE11: 61 | BF11: 21 | BG11: 23
A12: 17 | B12: 91 | C12: 18 | D12: 17 | E12: 40 | F12: 42 | G12: 47 | H12: 15 | I12: 38 | J12: 17 | K12: 22 | L12: 21 | M12: 9 | N12: 6 | O12: 8 | P12: 7 | Q12: 6 | R12: 5 | S12: 23 | T12: 11 | U12: 37 | V12: 54 | W12: 28 | X12: 23 | Y12: 31 | Z12: 11 | AA12: 28 | AB12: 4 | AC12: 11 | AD12: 16 | AE12: 11 | AF12: 11 | AG12: 12 | AH12: 6 | AI12: 1618 | AJ12: 10 | AK12: 44 | AL12: 64 | AM12: 69 | AN12: 40 | AO12: 104 | AP12: 61 | AQ12: 108
A13: 19 | B13: 19 | C13: 25 | D13: 44 | E13: 25 | F13: 33 | G13: 78 | H13: 12 | I13: 16 | J13: 13 | K13: 59 | L13: 8 | M13: 6 | N13: 174 | O13: 26 | P13: 16 | Q13: 13 | R13: 59 | S13: 10 | T13: 12 | U13: 26 | V13: 8
A14: 20 | B14: 75 | C14: 14 | D14: 10 | E14: 13 | F14: 21 | G14: 13 | H14: 10 | I14: 13 | J14: 10 | K14: 11 | L14: 6 | M14: 6 | N14: 5 | O14: 97 | P14: 38 | Q14: 9 | R14: 16 | S14: 11 | T14: 16 | U14: 15 | V14: 9 | W14: 6 | X14: 184 | Y14: 18 | Z14: 23 | AA14: 49 | AB14: 47 | AC14: 53 | AD14: 63
A15: 22 | B15: 187 | C15: 29 | D15: 36 | E15: 61 | F15: 17 | G15: 16 | H15: 81 | I15: 43 | J15: 11 | K15: 10 | L15: 22 | M15: 11 | N15: 12 | O15: 14 | P15: 26 | Q15: 10 | R15: 16 | S15: 15 | T15: 74 | U15: 287 | V15: 532 | W15: 17 | X15: 46 | Y15: 130 | Z15: 71 | AA15: 218 | AB15: 67 | AC15: 160 | AD15: 22 | AE15: 32 | AF15: 9 | AG15: 13 | AH15: 7 | AI15: 12 | AJ15: 9 | AK15: 126 | AL15: 477 | AM15: 123 | AN15: 177 | AO15: 90 | AP15: 114 | AQ15: 78 | AR15: 11 | AS15: 15
A16: 23 | B16: 269 | C16: 34 | D16: 29 | E16: 31 | F16: 39 | G16: 25 | H16: 15 | I16: 16 | J16: 28 | K16: 11 | L16: 8 | M16: 7 | N16: 83 | O16: 36 | P16: 22 | Q16: 15 | R16: 60 | S16: 14 | T16: 17 | U16: 13 | V16: 18 | W16: 28 | X16: 11 | Y16: 10 | Z16: 6 | AA16: 123 | AB16: 158 | AC16: 6 | AD16: 6 | AE16: 103 | AF16: 40 | AG16: 99 | AH16: 4 | AI16: 277 | AJ16: 12
A17: 24 | B17: 66 | C17: 65 | D17: 39 | E17: 53 | F17: 24 | G17: 22 | H17: 20 | I17: 17 | J17: 21 | K17: 10 | L17: 15 | M17: 6 | N17: 6 | O17: 32 | P17: 47 | Q17: 68 | R17: 61 | S17: 81 | T17: 201 | U17: 5 | V17: 9 | W17: 34 | X17: 67 | Y17: 62 | Z17: 31 | AA17: 11 | AB17: 16 | AC17: 9 | AD17: 8 | AE17: 26 | AF17: 169 | AG17: 38
A18: 27 | B18: 152 | C18: 127 | D18: 82 | E18: 186 | F18: 27 | G18: 16 | H18: 216 | I18: 59 | J18: 10 | K18: 135 | L18: 83 | M18: 111 | N18: 192 | O18: 88 | P18: 53 | Q18: 29 | R18: 21 | S18: 39 | T18: 124 | U18: 52 | V18: 17 | W18: 121 | X18: 104 | Y18: 47 | Z18: 12 | AA18: 14 | AB18: 14 | AC18: 63 | AD18: 9 | AE18: 57
A19: 28 | B19: 29
A20: 30 | B20: 19 | C20: 20 | D20: 13 | E20: 36 | F20: 19 | G20: 11 | H20: 8 | I20: 70 | J20: 18 | K20: 10 | L20: 17 | M20: 6 | N20: 9 | O20: 7 | P20: 5 | Q20: 5 | R20: 8 | S20: 26 | T20: 52 | U20: 21 | V20: 8 | W20: 8 | X20: 16 | Y20: 16 | Z20: 4 | AA20: 10 | AB20: 5 | AC20: 6 | AD20: 5 | AE20: 50 | AF20: 49 | AG20: 48 | AH20: 20 | AI20: 34 | AJ20: 56 | AK20: 22 | AL20: 36 | AM20: 82
A21: 32 | B21: 20 | C21: 10 | D21: 11 | E21: 29 | F21: 72 | G21: 40 | H21: 26 | I21: 25 | J21: 27 | K21: 18 | L21: 19 | M21: 17 | N21: 18 | O21: 27 | P21: 29 | Q21: 16 | R21: 33 | S21: 24 | T21: 13 | U21: 14 | V21: 11 | W21: 13 | X21: 9 | Y21: 72 | Z21: 26 | AA21: 46
A22: 33 | B22: 12 | C22: 21 | D22: 12 | E22: 41 | F22: 52 | G22: 22 | H22: 15 | I22: 38 | J22: 22 | K22: 85 | L22: 28 | M22: 75 | N22: 18 | O22: 6 | P22: 19 | Q22: 14 | R22: 15 | S22: 81 | T22: 28 | U22: 78 | V22: 40 | W22: 30 | X22: 121 | Y22: 16 | Z22: 17 | AA22: 22 | AB22: 14 | AC22: 16 | AD22: 12 | AE22: 11 | AF22: 16 | AG22: 8 | AH22: 10 | AI22: 9 | AJ22: 11 | AK22: 15 | AL22: 14 | AM22: 17 | AN22: 14 | AO22: 14 | AP22: 282 | AQ22: 17 | AR22: 28 | AS22: 14 | AT22: 69 | AU22: 45 | AV22: 79 | AW22: 207 | AX22: 19 | AY22: 9 | AZ22: 35 | BA22: 23 | BB22: 32 | BC22: 287 | BD22: 149 | BE22: 32 | BF22: 49 | BG22: 39 | BH22: 26 | BI22: 20 | BJ22: 9 | BK22: 14 | BL22: 157 | BM22: 25 | BN22: 87 | BO22: 20 | BP22: 12 | BQ22: 14 | BR22: 35 | BS22: 28 | BT22: 35 | BU22: 124 | BV22: 23 | BW22: 70 | BX22: 18 | BY22: 128 | BZ22: 30 | CA22: 88 | CB22: 39 | CC22: 38 | CD22: 32 | CE22: 140 | CF22: 55 | CG22: 18
A23: 36 | B23: 131 | C23: 84 | D23: 55 | E23: 43 | F23: 51 | G23: 44 | H23: 19 | I23: 30 | J23: 15 | K23: 17 | L23: 15 | M23: 16 | N23: 13 | O23: 20 | P23: 23 | Q23: 25 | R23: 19 | S23: 12 | T23: 13 | U23: 16 | V23: 9 | W23: 329 | X23: 105 | Y23: 47 | Z23: 72
A24: 38 | B24: 174 | C24: 31 | D24: 48 | E24: 72 | F24: 26 | G24: 28 | H24: 82 | I24: 36 | J24: 57 | K24: 18 | L24: 15 | M24: 11 | N24: 16 | O24: 157 | P24: 15 | Q24: 159 | R24: 217 | S24: 199 | T24: 21 | U24: 28 | V24: 54 | W24: 21 | X24: 86 | Y24: 14 | Z24: 39 | AA24: 14 | AB24: 15 | AC24: 6 | AD24: 667 | AE24: 187 | AF24: 49 | AG24: 150 | AH24: 200 | AI24: 45 | AJ24: 79 | AK24: 73 | AL24: 137 | AM24: 89
A25: 42 | B25: 110 | C25: 118 | D25: 31 | E25: 26 | F25: 43 | G25: 40 | H25: 89 | I25: 33 | J25: 17 | K25: 12 | L25: 22 | M25: 29 | N25: 9 | O25: 9 | P25: 8 | Q25: 8 | R25: 21 | S25: 14 | T25: 26 | U25: 15 | V25: 32 | W25: 7 | X25: 6 | Y25: 36 | Z25: 32 | AA25: 15 | AB25: 21 | AC25: 12 | AD25: 23 | AE25: 9 | AF25: 11 | AG25: 150 | AH25: 151 | AI25: 152 | AJ25: 106 | AK25: 136 | AL25: 536
A26: 43 | B26: 133 | C26: 23 | D26: 62 | E26: 21 | F26: 48 | G26: 46 | H26: 22 | I26: 19 | J26: 13 | K26: 14 | L26: 12 | M26: 9 | N26: 14 | O26: 9 | P26: 9 | Q26: 22 | R26: 37 | S26: 70 | T26: 15 | U26: 12 | V26: 84 | W26: 11 | X26: 10 | Y26: 13 | Z26: 11 | AA26: 566 | AB26: 56 | AC26: 158 | AD26: 39 | AE26: 140 | AF26: 115 | AG26: 63 | AH26: 87 | AI26: 58 | AJ26: 55
A27: 45 | B27: 80 | C27: 25 | D27: 53 | E27: 29 | F27: 46 | G27: 251 | H27: 42 | I27: 17 | J27: 10 | K27: 8 | L27: 14 | M27: 10 | N27: 14 | O27: 9 | P27: 15 | Q27: 44 | R27: 17 | S27: 12 | T27: 9 | U27: 17 | V27: 8 | W27: 117 | X27: 27 | Y27: 258
A28: 47 | B28: 59 | C28: 33 | D28: 24 | E28: 20 | F28: 25 | G28: 108 | H28: 16 | I28: 34 | J28: 21 | K28: 10 | L28: 13 | M28: 22 | N28: 8 | O28: 12 | P28: 15 | Q28: 8 | R28: 12 | S28: 54 | T28: 11 | U28: 45 | V28: 30 | W28: 35 | X28: 12 | Y28: 24 | Z28: 12 | AA28: 10 | AB28: 229 | AC28: 92 | AD28: 91 | AE28: 172
A29: 48 | B29: 76 | C29: 70 | D29: 70 | E29: 36 | F29: 27 | G29: 36 | H29: 18 | I29: 18 | J29: 18 | K29: 15 | L29: 11 | M29: 6 | N29: 11 | O29: 19 | P29: 25 | Q29: 13 | R29: 11 | S29: 13 | T29: 9 | U29: 310 | V29: 211 | W29: 72 | X29: 90 | Y29: 88 | Z29: 45 | AA29: 103 | AB29: 126 | AC29: 548 | AD29: 47 | AE29: 57
A30: 49 | B30: 48 | C30: 70 | D30: 20 | E30: 29 | F30: 39 | G30: 63 | H30: 16 | I30: 27 | J30: 10 | K30: 10 | L30: 6 | M30: 8 | N30: 92 | O30: 10 | P30: 10 | Q30: 26 | R30: 6 | S30: 15 | T30: 15 | U30: 6 | V30: 8 | W30: 12 | X30: 6 | Y30: 530 | Z30: 131 | AA30: 188 | AB30: 32 | AC30: 30 | AD30: 98 | AE30: 675 | AF30: 51 | AG30: 29
A31: 52 | B31: 274 | C31: 22 | D31: 27 | E31: 360 | F31: 124 | G31: 247 | H31: 151 | I31: 422 | J31: 56 | K31: 52 | L31: 22 | M31: 13 | N31: 14 | O31: 14 | P31: 18 | Q31: 8 | R31: 6 | S31: 32 | T31: 436 | U31: 77 | V31: 4 | W31: 674 | X31: 23 | Y31: 40 | Z31: 11 | AA31: 10 | AB31: 12 | AC31: 11 | AD31: 10 | AE31: 256 | AF31: 56 | AG31: 74 | AH31: 56 | AI31: 54 | AJ31: 43
A32: 54 | B32: 574 | C32: 44 | D32: 21 | E32: 72 | F32: 96 | G32: 3 | H32: 12 | I32: 21 | J32: 32 | K32: 65 | L32: 44 | M32: 50 | N32: 204 | O32: 15 | P32: 54 | Q32: 43 | R32: 68 | S32: 37 | T32: 12 | U32: 15 | V32: 13 | W32: 8 | X32: 59 | Y32: 7 | Z32: 44 | AA32: 5 | AB32: 43 | AC32: 12 | AD32: 71 | AE32: 46 | AF32: 14 | AG32: 21 | AH32: 11 | AI32: 15 | AJ32: 40 | AK32: 17 | AL32: 19 | AM32: 51 | AN32: 10 | AO32: 7 | AP32: 544 | AQ32: 6 | AR32: 30 | AS32: 6 | AT32: 7 | AU32: 36 | AV32: 73 | AW32: 36 | AX32: 36 | AY32: 86 | AZ32: 35 | BA32: 241 | BB32: 136 | BC32: 24 | BD32: 32 | BE32: 63 | BF32: 77 | BG32: 98 | BH32: 47 | BI32: 40 | BJ32: 92 | BK32: 155 | BL32: 4 | BM32: 46 | BN32: 20 | BO32: 52 | BP32: 94 | BQ32: 4 | BR32: 24 | BS32: 5 | BT32: 11 | BU32: 3 | BV32: 4 | BW32: 55 | BX32: 3 | BY32: 183 | BZ32: 494
A33: 55 | B33: 293 | C33: 38 | D33: 24 | E33: 18 | F33: 40 | G33: 19 | H33: 13 | I33: 11 | J33: 10 | K33: 10 | L33: 9 | M33: 7 | N33: 8 | O33: 7 | P33: 5 | Q33: 12 | R33: 8 | S33: 14 | T33: 12 | U33: 12 | V33: 12 | W33: 11 | X33: 67 | Y33: 88 | Z33: 31 | AA33: 89 | AB33: 32 | AC33: 33 | AD33: 35 | AE33: 137 | AF33: 78 | AG33: 189 | AH33: 144 | AI33: 60 | AJ33: 103 | AK33: 79
A34: 57 | B34: 674 | C34: 30 | D34: 25 | E34: 27 | F34: 57 | G34: 30 | H34: 13 | I34: 32 | J34: 12 | K34: 13 | L34: 11 | M34: 154 | N34: 63 | O34: 78 | P34: 87 | Q34: 457 | R34: 74 | S34: 21 | T34: 10 | U34: 24 | V34: 20 | W34: 12 | X34: 18 | Y34: 17 | Z34: 17 | AA34: 94 | AB34: 23 | AC34: 31 | AD34: 14 | AE34: 10 | AF34: 444 | AG34: 35 | AH34: 195 | AI34: 203 | AJ34: 119 | AK34: 396
A35: 58 | B35: 46 | C35: 50 | D35: 31 | E35: 35 | F35: 35 | G35: 21 | H35: 26 | I35: 26 | J35: 25 | K35: 18 | L35: 20 | M35: 8 | N35: 7 | O35: 71 | P35: 55 | Q35: 27 | R35: 18 | S35: 198 | T35: 29 | U35: 28 | V35: 16 | W35: 13 | X35: 11 | Y35: 251 | Z35: 182 | AA35: 69 | AB35: 54 | AC35: 1659 | AD35: 78 | AE35: 80
A36: 62 | B36: 30 | C36: 22 | D36: 125 | E36: 32 | F36: 22 | G36: 37 | H36: 95 | I36: 28 | J36: 210 | K36: 23 | L36: 31 | M36: 11 | N36: 16 | O36: 21 | P36: 30 | Q36: 26 | R36: 35 | S36: 82 | T36: 17 | U36: 29 | V36: 23 | W36: 13 | X36: 13 | Y36: 102 | Z36: 67 | AA36: 116 | AB36: 24 | AC36: 35 | AD36: 18 | AE36: 27 | AF36: 21 | AG36: 146 | AH36: 65 | AI36: 43 | AJ36: 28 | AK36: 101 | AL36: 44 | AM36: 132 | AN36: 35 | AO36: 36 | AP36: 33 | AQ36: 61 | AR36: 33 | AS36: 38 | AT36: 40 | AU36: 124 | AV36: 53 | AW36: 14 | AX36: 25 | AY36: 17 | AZ36: 15 | BA36: 18 | BB36: 25 | BC36: 12 | BD36: 11 | BE36: 96 | BF36: 16 | BG36: 43 | BH36: 10 | BI36: 11
A37: 63 | B37: 42 | C37: 105 | D37: 23 | E37: 60 | F37: 24 | G37: 21 | H37: 23 | I37: 10 | J37: 14 | K37: 8 | L37: 7 | M37: 6 | N37: 5 | O37: 6 | P37: 16 | Q37: 16 | R37: 8 | S37: 8 | T37: 10 | U37: 7 | V37: 74 | W37: 11 | X37: 141 | Y37: 8
A38: 64 | B38: 116 | C38: 63 | D38: 27 | E38: 11 | F38: 21 | G38: 16 | H38: 28 | I38: 42 | J38: 50 | K38: 26 | L38: 12 | M38: 18 | N38: 52 | O38: 18 | P38: 24 | Q38: 40 | R38: 29 | S38: 8 | T38: 20 | U38: 15 | V38: 6 | W38: 6 | X38: 10 | Y38: 9 | Z38: 51 | AA38: 50 | AB38: 39 | AC38: 13 | AD38: 9 | AE38: 17 | AF38: 9 | AG38: 12 | AH38: 9 | AI38: 60 | AJ38: 10 | AK38: 12 | AL38: 12 | AM38: 67 | AN38: 16 | AO38: 20 | AP38: 28 | AQ38: 19 | AR38: 9 | AS38: 97 | AT38: 306 | AU38: 62 | AV38: 32
A39: 65 | B39: 32 | C39: 19 | D39: 15 | E39: 25 | F39: 44 | G39: 12 | H39: 9 | I39: 25 | J39: 14 | K39: 15 | L39: 10 | M39: 9 | N39: 8 | O39: 14 | P39: 20 | Q39: 9 | R39: 11 | S39: 12 | T39: 8 | U39: 555 | V39: 23
A40: 68 | B40: 126 | C40: 66 | D40: 205 | E40: 195 | F40: 17 | G40: 128 | H40: 24 | I40: 12 | J40: 10 | K40: 8 | L40: 8 | M40: 106 | N40: 6 | O40: 132 | P40: 32 | Q40: 80 | R40: 24 | S40: 340 | T40: 20 | U40: 8 | V40: 14 | W40: 9 | X40: 1975 | Y40: 70 | Z40: 267 | AA40: 82 | AB40: 201
A41: 73 | B41: 110 | C41: 34 | D41: 60 | E41: 14 | F41: 17 | G41: 17 | H41: 23 | I41: 12 | J41: 18 | K41: 10 | L41: 12 | M41: 8 | N41: 9 | O41: 58 | P41: 30 | Q41: 40 | R41: 19 | S41: 21 | T41: 11 | U41: 9 | V41: 11 | W41: 14 | X41: 150 | Y41: 127 | Z41: 46 | AA41: 67 | AB41: 27 | AC41: 18 | AD41: 62 | AE41: 63 | AF41: 56
A42: 74 | B42: 96 | C42: 26 | D42: 21 | E42: 16 | F42: 31 | G42: 40 | H42: 11 | I42: 12 | J42: 20 | K42: 16 | L42: 9 | M42: 8 | N42: 8 | O42: 11 | P42: 22 | Q42: 14 | R42: 9 | S42: 8 | T42: 7 | U42: 81 | V42: 15 | W42: 49 | X42: 39 | Y42: 48 | Z42: 31
A43: 75 | B43: 42 | C43: 57 | D43: 38 | E43: 31 | F43: 36 | G43: 76 | H43: 22 | I43: 25 | J43: 34 | K43: 9 | L43: 12 | M43: 22 | N43: 1629 | O43: 12 | P43: 27 | Q43: 30 | R43: 61 | S43: 41 | T43: 19 | U43: 22 | V43: 90 | W43: 24 | X43: 6 | Y43: 11 | Z43: 17 | AA43: 307 | AB43: 464 | AC43: 114 | AD43: 68 | AE43: 64 | AF43: 397 | AG43: 180 | AH43: 56 | AI43: 175 | AJ43: 25 | AK43: 20
A44: 78 | B44: 250 | C44: 31 | D44: 175 | E44: 28 | F44: 129 | G44: 55 | H44: 123 | I44: 18 | J44: 72 | K44: 36 | L44: 27 | M44: 21 | N44: 34 | O44: 13 | P44: 18 | Q44: 8 | R44: 7 | S44: 87 | T44: 18 | U44: 30 | V44: 34 | W44: 17 | X44: 16 | Y44: 13 | Z44: 12 | AA44: 11 | AB44: 12 | AC44: 310 | AD44: 120 | AE44: 121 | AF44: 131 | AG44: 56 | AH44: 33 | AI44: 51 | AJ44: 279 | AK44: 87 | AL44: 126 | AM44: 80
A45: 79 | B45: 45 | C45: 24 | D45: 40 | E45: 29 | F45: 34 | G45: 23 | H45: 18 | I45: 10 | J45: 12 | K45: 21 | L45: 13 | M45: 8 | N45: 12 | O45: 6 | P45: 36 | Q45: 12 | R45: 34 | S45: 13 | T45: 25 | U45: 9 | V45: 9 | W45: 14 | X45: 8 | Y45: 109 | Z45: 97 | AA45: 74 | AB45: 110
A46: 80 | B46: 39 | C46: 22 | D46: 43 | E46: 34 | F46: 63 | G46: 13 | H46: 16 | I46: 60 | J46: 17 | K46: 22 | L46: 12 | M46: 12 | N46: 9 | O46: 8 | P46: 15 | Q46: 15 | R46: 20 | S46: 17 | T46: 14 | U46: 12 | V46: 11 | W46: 43 | X46: 115 | Y46: 28 | Z46: 6 | AA46: 33 | AB46: 10 | AC46: 39 | AD46: 15 | AE46: 12 | AF46: 32 | AG46: 18 | AH46: 12 | AI46: 36 | AJ46: 8 | AK46: 49 | AL46: 30 | AM46: 163 | AN46: 155 | AO46: 81 | AP46: 77 | AQ46: 46 | AR46: 13 | AS46: 7 | AT46: 39
A47: 81 | B47: 85 | C47: 69 | D47: 24 | E47: 16 | F47: 17 | G47: 16 | H47: 24 | I47: 11 | J47: 14 | K47: 17 | L47: 11 | M47: 11 | N47: 7 | O47: 20 | P47: 9 | Q47: 21 | R47: 12 | S47: 18 | T47: 118 | U47: 28 | V47: 10 | W47: 10 | X47: 9 | Y47: 7 | Z47: 279 | AA47: 65 | AB47: 82 | AC47: 49 | AD47: 109 | AE47: 68 | AF47: 360 | AG47: 185
A48: 82 | B48: 346 | C48: 61 | D48: 20 | E48: 624 | F48: 13 | G48: 44 | H48: 11 | I48: 22 | J48: 30 | K48: 11 | L48: 27 | M48: 8 | N48: 18 | O48: 9 | P48: 5 | Q48: 5 | R48: 12 | S48: 40 | T48: 9 | U48: 12 | V48: 17 | W48: 19 | X48: 7 | Y48: 10 | Z48: 16 | AA48: 7 | AB48: 320 | AC48: 50 | AD48: 123 | AE48: 134 | AF48: 42 | AG48: 30 | AH48: 11 | AI48: 44 | AJ48: 10 | AK48: 21 | AL48: 15 | AM48: 14 | AN48: 7
A49: 83 | B49: 96 | C49: 51 | D49: 43 | E49: 40 | F49: 32 | G49: 60 | H49: 57 | I49: 20 | J49: 22 | K49: 22 | L49: 141 | M49: 23 | N49: 31 | O49: 99 | P49: 97 | Q49: 16 | R49: 16 | S49: 38 | T49: 11 | U49: 93 | V49: 31 | W49: 11 | X49: 10 | Y49: 10 | Z49: 20 | AA49: 39 | AB49: 8 | AC49: 44 | AD49: 134 | AE49: 303 | AF49: 71 | AG49: 141 | AH49: 282 | AI49: 129 | AJ49: 144 | AK49: 43 | AL49: 25 | AM49: 235 | AN49: 145 | AO49: 53 | AP49: 48 | AQ49: 112 | AR49: 28 | AS49: 36 | AT49: 131
A50: 84 | B50: 36 | C50: 41 | D50: 13 | E50: 54 | F50: 6303 | G50: 106 | H50: 11 | I50: 13 | J50: 18 | K50: 21 | L50: 12 | M50: 8 | N50: 13 | O50: 6 | P50: 9 | Q50: 7 | R50: 6 | S50: 22 | T50: 12 | U50: 6 | V50: 17 | W50: 16 | X50: 13 | Y50: 16 | Z50: 233 | AA50: 88 | AB50: 14 | AC50: 18 | AD50: 340 | AE50: 14 | AF50: 26 | AG50: 22 | AH50: 11 | AI50: 28 | AJ50: 31 | AK50: 18 | AL50: 15 | AM50: 5 | AN50: 598 | AO50: 162 | AP50: 62 | AQ50: 107 | AR50: 71 | AS50: 10 | AT50: 88 | AU50: 12 | AV50: 65 | AW50: 14
A51: 85 | B51: 54 | C51: 35 | D51: 47 | E51: 368 | F51: 37 | G51: 20 | H51: 20 | I51: 17 | J51: 30 | K51: 18 | L51: 36 | M51: 29 | N51: 14 | O51: 8 | P51: 34 | Q51: 13 | R51: 47 | S51: 14 | T51: 196 | U51: 20 | V51: 22 | W51: 28 | X51: 27 | Y51: 7 | Z51: 427 | AA51: 62 | AB51: 117 | AC51: 133 | AD51: 478 | AE51: 55 | AF51: 203 | AG51: 125
A52: 86 | B52: 28 | C52: 11 | D52: 22 | E52: 64 | F52: 36 | G52: 51 | H52: 9 | I52: 17 | J52: 10 | K52: 8 | L52: 9 | M52: 5 | N52: 22 | O52: 8 | P52: 6 | Q52: 12 | R52: 20 | S52: 31 | T52: 8 | U52: 14 | V52: 6 | W52: 72 | X52: 61 | Y52: 57 | Z52: 2 | AA52: 47 | AB52: 124 | AC52: 55 | AD52: 72 | AE52: 62 | AF52: 57
A53: 87 | B53: 80 | C53: 31 | D53: 25 | E53: 75 | F53: 24 | G53: 17 | H53: 17 | I53: 13 | J53: 15 | K53: 6 | L53: 8 | M53: 8 | N53: 24 | O53: 34 | P53: 13 | Q53: 11 | R53: 20 | S53: 5 | T53: 66 | U53: 13 | V53: 14 | W53: 8 | X53: 127 | Y53: 78 | Z53: 80 | AA53: 66 | AB53: 131 | AC53: 101 | AD53: 68 | AE53: 52 | AF53: 190 | AG53: 184 | AH53: 106 | AI53: 9 | AJ53: 6 | AK53: 88 | AL53: 100
B54: =AVERAGE(B1:B53) -> 111.11321 | C54: =AVERAGE(C1:C53) -> 43.961538 | D54: =AVERAGE(D1:D53) -> 44.423077 | E54: =AVERAGE(E1:E53) -> 69.192308 | F54: =AVERAGE(F1:F53) -> 163.88462 | G54: =AVERAGE(G1:G53) -> 48.942308 | H54: =AVERAGE(H1:H53) -> 40.096154 | I54: =AVERAGE(I1:I53) -> 38.057692 | ... CG54: =AVERAGE(CG1:CG53) -> 18
B55: =AVERAGE(B54:S54) -> 51.486662
B57: 175.75 | C57: =TTEST(B54:Q54,B57:B73,2,2) -> 0.81251775 | D57: 111.11321 | E57: 43.961538 | F57: 43.961538 | G57: 69.192308 | H57: 163.88462 | I57: 48.942308 | J57: 40.096154 | K57: 38.057692 | L57: 33.653846 | M57: 30.846154 | N57: 26.384615 | O57: 27.615385 | P57: 66.803922 | Q57: 35.137255 | R57: 31.235294 | S57: 37.431373
B58: 87.4 | D58: 43.961538
B59: 75.333333 | D59: 43.961538
B60: 55.6 | D60: 69.192308
B61: 69.933333 | D61: 163.88462
B62: 41.714286 | D62: 48.942308
B63: 58.428571 | D63: 40.096154
B64: 37.642857 | D64: 38.057692
B65: 31.071429 | D65: 33.653846
B66: 26.153846 | D66: 30.846154
B67: 21.846154 | D67: 26.384615
B68: 30.153846 | D68: 27.615385
B69: 27.461538 | D69: 66.803922
... B72: 23.923077 | D72: 37.431373
B73: 25.384615

Sheet Average Time Collab Correct
A1: 7 | B1: 1003 | C1: 21 | D1: 89 | E1: 25 | F1: 33 | G1: 26 | H1: 423 | I1: 34 | J1: 124 | K1: 35 | L1: 16 | M1: 37 | N1: 427 | O1: 56 | P1: 31 | Q1: 61 | R1: 34 | S1: 66 | T1: 36 | U1: 67 | V1: 231 | W1: 69 | X1: 32 | Y1: 70 | Z1: 141 | AA1: 71 | AB1: 29 | AC1: 76 | AD1: 95 | AE1: 77 | AF1: 25
A2: 7 | B2: 70 | C2: 21 | D2: 29 | E2: 25 | F2: 25 | G2: 26 | H2: 38 | I2: 34 | J2: 13 | K2: 35 | L2: 23 | M2: 37 | N2: 67 | O2: 56 | P2: 108 | Q2: 61 | R2: 81 | S2: 66 | T2: 23 | W2: 69 | X2: 48 | Y2: 70 | Z2: 104 | AA2: 71 | AB2: 67 | AC2: 76 | AD2: 639 | AE2: 77 | AF2: 15
A3: 7 | B3: 26 | C3: 21 | D3: 20 | E3: 25 | F3: 126 | G3: 26 | H3: 104 | I3: 34 | J3: 4 | K3: 35 | L3: 23 | M3: 37 | N3: 18 | O3: 56 | P3: 123 | Q3: 61 | R3: 90 | S3: 66 | T3: 40 | W3: 69 | X3: 136 | Y3: 70 | Z3: 30 | AA3: 71 | AB3: 34 | AC3: 76 | AD3: 54 | AE3: 77 | AF3: 13
A4: 7 | B4: 11 | C4: 21 | D4: 17 | E4: 25 | F4: 28 | G4: 26 | H4: 123 | I4: 34 | J4: 149 | K4: 35 | L4: 16 | O4: 56 | P4: 51 | Q4: 61 | R4: 50 | S4: 66 | T4: 18 | W4: 69 | X4: 26 | Y4: 70 | Z4: 65 | AA4: 71 | AB4: 36 | AC4: 76 | AD4: 33 | AE4: 77 | AF4: 15
A5: 7 | B5: 164 | C5: 21 | D5: 24 | E5: 25 | F5: 522 | G5: 26 | H5: 32 | I5: 34 | J5: 26 | K5: 35 | L5: 17 | O5: 56 | P5: 125 | Q5: 61 | R5: 35 | S5: 66 | T5: 8 | W5: 69 | X5: 24 | Y5: 70 | Z5: 52 | AA5: 71 | AB5: 24 | AC5: 76 | AD5: 16 | AE5: 77 | AF5: 18
A6: 7 | B6: 72 | C6: 21 | D6: 28 | F6: 522 | G6: 26 | H6: 30 | K6: 35 | L6: 19 | O6: 56 | P6: 57 | Q6: 61 | R6: 34 | S6: 66 | T6: 10 | W6: 69 | X6: 21 | Y6: 70 | Z6: 26 | AA6: 71 | AB6: 26 | AC6: 76 | AD6: 41 | AE6: 77 | AF6: 12
A7: 7 | B7: 44 | C7: 21 | D7: 9 | G7: 26 | H7: 30 | K7: 35 | L7: 10 | O7: 56 | P7: 50 | Q7: 61 | R7: 30 | S7: 66 | T7: 11 | W7: 69 | X7: 26 | Y7: 70 | Z7: 31 | AA7: 71 | AB7: 18 | AC7: 76 | AD7: 16 | AE7: 77 | AF7: 16
A8: 7 | B8: 16 | C8: 21 | D8: 11 | G8: 26 | H8: 21 | K8: 35 | L8: 7 | O8: 56 | P8: 65 | Q8: 61 | R8: 28 | S8: 66 | T8: 8 | W8: 69 | X8: 19 | Y8: 70 | Z8: 25 | AA8: 71 | AB8: 19 | AC8: 76 | AD8: 15 | AE8: 77 | AF8: 11
A9: 7 | B9: 20 | C9: 21 | D9: 15 | G9: 26 | H9: 27 | K9: 35 | L9: 7 | O9: 56 | P9: 36 | Q9: 61 | R9: 81 | S9: 66 | T9: 12 | W9: 69 | X9: 21 | Y9: 70 | Z9: 15 | AA9: 71 | AB9: 15 | AC9: 76 | AD9: 13 | AE9: 77 | AF9: 28
A10: 7 | B10: 15 | C10: 21 | D10: 10 | G10: 26 | H10: 20 | K10: 35 | L10: 5 | O10: 56 | P10: 41 | Q10: 61 | R10: 30 | S10: 66 | T10: 8 | W10: 69 | X10: 24 | Y10: 70 | Z10: 7 | AA10: 71 | AB10: 11 | AC10: 76 | AD10: 14 | AE10: 77 | AF10: 6
A11: 7 | B11: 16 | C11: 21 | D11: 12 | G11: 26 | H11: 23 | K11: 35 | L11: 5 | O11: 56 | P11: 22 | Q11: 61 | R11: 45 | S11: 66 | T11: 8 | W11: 69 | X11: 9 | Y11: 70 | Z11: 21 | AA11: 71 | AB11: 7 | AC11: 76 | AD11: 10 | AE11: 77 | AF11: 6
A12: 7 | B12: 14 | C12: 21 | D12: 9 | G12: 26 | H12: 17 | K12: 35 | L12: 5 | O12: 56 | P12: 76 | Q12: 61 | R12: 43 | S12: 66 | T12: 12 | W12: 69 | X12: 38 | Y12: 70 | Z12: 12 | AA12: 71 | AB12: 117 | AC12: 76 | AD12: 9 | AE12: 77 | AF12: 16
A13: 7 | B13: 206 | C13: 21 | D13: 16 | G13: 26 | H13: 54 | K13: 35 | L13: 7 | O13: 56 | P13: 57 | Q13: 61 | R13: 28 | S13: 66 | T13: 14 | W13: 69 | X13: 25 | Y13: 70 | Z13: 13 | AA13: 71 | AB13: 29 | AC13: 76 | AD13: 8 | AE13: 77 | AF13: 22
A14: 7 | B14: 20 | C14: 21 | D14: 19 | G14: 26 | H14: 71 | K14: 35 | L14: 24 | O14: 56 | P14: 51 | Q14: 61 | R14: 35 | S14: 66 | T14: 14 | W14: 69 | X14: 50 | Y14: 70 | Z14: 18 | AA14: 71 | AB14: 39 | AC14: 76 | AD14: 21 | AE14: 77 | AF14: 41
A15: 7 | B15: 140 | C15: 21 | D15: 9 | G15: 26 | H15: 47 | K15: 35 | L15: 10 | O15: 56 | P15: 29 | Q15: 61 | R15: 37 | S15: 66 | T15: 7 | W15: 69 | X15: 33 | Y15: 70 | Z15: 22 | AA15: 71 | AB15: 26 | AC15: 76 | AD15: 34 | AE15: 77 | AF15: 12
A16: 7 | B16: 42 | C16: 21 | D16: 31 | G16: 26 | H16: 59 | K16: 35 | L16: 23 | O16: 56 | P16: 47 | Q16: 61 | R16: 29 | S16: 66 | T16: 12 | W16: 69 | X16: 32 | Y16: 70 | Z16: 15 | AA16: 71 | AB16: 17 | AC16: 76 | AD16: 6 | AE16: 77 | AF16: 11
A17: 7 | B17: 1583 | C17: 21 | D17: 17 | G17: 26 | H17: 23 | K17: 35 | L17: 14 | O17: 56 | P17: 19 | Q17: 61 | R17: 19 | S17: 66 | T17: 33 | W17: 69 | X17: 31 | Y17: 70 | Z17: 13 | AA17: 71 | AB17: 24 | AC17: 76 | AD17: 13 | AE17: 77 | AF17: 9
A18: 7 | B18: 156 | C18: 21 | D18: 12 | G18: 26 | H18: 80 | K18: 35 | L18: 7 | O18: 56 | P18: 20 | Q18: 61 | R18: 193 | S18: 66 | T18: 13 | Y18: 70 | Z18: 15 | AA18: 71 | AB18: 682 | AC18: 76 | AD18: 21 | AE18: 77 | AF18: 481
A19: 7 | B19: 790 | C19: 21 | D19: 115 | G19: 26 | H19: 141 | K19: 35 | L19: 65 | O19: 56 | P19: 75 | S19: 66 | T19: 22 | Y19: 70 | Z19: 11 | AA19: 71 | AB19: 71 | AC19: 76 | AD19: 9 | AE19: 77 | AF19: 152
C20: 21 | D20: 43 | G20: 26 | H20: 43 | K20: 35 | L20: 20 | O20: 56 | P20: 65 | S20: 66 | T20: 35 | Y20: 70 | Z20: 98 | AA20: 71 | AB20: 128 | AC20: 76 | AD20: 64
G21: 26 | H21: 74 | K21: 35 | L21: 38 | O21: 56 | P21: 64 | Y21: 70 | Z21: 24 | AA21: 71 | AB21: 77 | AC21: 76 | AD21: 64
G22: 26 | H22: 58 | K22: 35 | L22: 24 | O22: 56 | P22: 176 | Y22: 70 | Z22: 67 | AA22: 71 | AB22: 76
G23: 26 | H23: 40 | K23: 35 | L23: 17 | O23: 56 | P23: 80 | AA23: 71 | AB23: 92
K24: 35 | L24: 22 | O24: 56 | P24: 110
A26: Average Time per Question
A27: =AVERAGE(B1,D1,F1,H1,J1,L1,N1,P1,R1,T1,V1,X1,Z1,AB1,AD1,AF1) -> 173.0625 | C27: =264/16 -> 16.5 | D27: =AVERAGE(A27:A38) -> 53.514198
A28: =AVERAGE(B2,D2,F2,H2,J2,L2,N2,P2,R2,T2,V2,X2,Z2,AB2,AD2,AF2) -> 90
A29: =AVERAGE(B3,D3,F3,H3,J3,L3,N3,P3,R3,T3,V3,X3,Z3,AB3,AD3,AF3) -> 56.066667
A30: =AVERAGE(B4,D4,F4,H4,J4,L4,N4,P4,R4,T4,V4,X4,Z4,AB4,AD4,AF4) -> 45.571429
A31: =AVERAGE(B5,D5,F5,H5,J5,L5,N5,P5,R5,T5,V5,X5,Z5,AB5,AD5,AF5) -> 77.642857
A32: =AVERAGE(B6,D6,F6,H6,J6,L6,N6,P6,R6,T6,V6,X6,Z6,AB6,AD6,AF6) -> 69.076923
A33: =AVERAGE(B7,D7,F7,H7,J7,L7,N7,P7,R7,T7,V7,X7,Z7,AB7,AD7,AF7) -> 24.25
A34: =AVERAGE(B8,D8,F8,H8,J8,L8,N8,P8,R8,T8,V8,X8,Z8,AB8,AD8,AF8) -> 20.416667
A35: =AVERAGE(B9,D9,F9,H9,J9,L9,N9,P9,R9,T9,V9,X9,Z9,AB9,AD9,AF9) -> 24.166667
A36: =AVERAGE(B10,D10,F10,H10,J10,L10,N10,P10,R10,T10,V10,X10,Z10,AB10,AD10,AF10) -> 15.916667
A37: =AVERAGE(B11,D11,F11,H11,J11,L11,N11,P11,R11,T11,V11,X11,Z11,AB11,AD11,AF11) -> 15.333333
A38: =AVERAGE(B12,D12,F12,H12,J12,L12,N12,P12,R12,T12,V12,X12,Z12,AB12,AD12,AF12) -> 30.666667
A39: =AVERAGE(B13,D13,F13,H13,J13,L13,N13,P13,R13,T13,V13,X13,Z13,AB13,AD13,AF13) -> 39.916667
... A44: =AVERAGE(B18,D18,F18,H18,J18,L18,N18,P18,R18,T18,V18,X18,Z18,AB18,AD18,AF18) -> 152.72727

Sheet Average Time Correct
A1: 1 | C1: 4 | D1: 17 | E1: 5 | G1: 6 | I1: 8 | J1: 69 | K1: 11 | M1: 12 | O1: 13 | Q1: 14 | R1: 65 | S1: 15 | U1: 16 | W1: 17 | X1: 91 | Y1: 19 | Z1: 19 | AA1: 20 | AB1: 75 | AC1: 22 | AD1: 187 | AE1: 23 | AF1: 269 | AG1: 24 | AH1: 65 | AI1: 27 | AJ1: 152 | AK1: 28 | AL1: 29 | AM1: 30 | AN1: 19 | AO1: 32 | AP1: 20 | AQ1: 33 | AR1: 12 | AS1: 36 | AT1: 131 | AU1: 38 | AV1: 174 | AW1: 42 | AX1: 110 | AY1: 43 | AZ1: 133 | BA1: 45 | BB1: 80 | BC1: 47 | BD1: 59 | BE1: 48 | BF1: 76 | BG1: 49 | BH1: 48 | BI1: 52 | BJ1: 274 | BK1: 54 | BL1: 574 | BM1: 55 | BN1: 293 | BO1: 57 | BP1: 30 | BQ1: 58 | BR1: 46 | BS1: 62 | BT1: 30 | BU1: 63 | BV1: 23 | BW1: 64 | BX1: 116
A2: 1 | C2: 4 | D2: 17 | E2: 5 | G2: 6 | I2: 8 | J2: 34 | K2: 11 | M2: 12 | O2: 13 | Q2: 14 | R2: 20 | S2: 15 | U2: 16 | W2: 17 | X2: 18 | Y2: 19 | Z2: 25 | AA2: 20 | AB2: 14 | AC2: 22 | AD2: 29 | AE2: 23 | AF2: 34 | AG2: 24 | AH2: 39 | AI2: 27 | AJ2: 127 | AM2: 30 | AN2: 20 | AO2: 32 | AP2: 10 | AQ2: 33 | AR2: 21 | AS2: 36 | AT2: 84 | AU2: 38 | AV2: 31 | AW2: 42 | AX2: 118 | AY2: 43 | AZ2: 62 | BA2: 45 | BB2: 25 | BC2: 47 | BD2: 33 | BE2: 48 | BF2: 70 | BG2: 49 | BH2: 70 | BI2: 52 | BJ2: 22 | BK2: 54 | BL2: 44 | BM2: 55 | BN2: 38 | BO2: 57 | BP2: 25 | BQ2: 58 | BR2: 50 | BS2: 62 | BT2: 125 | BU2: 63 | BV2: 60 | BW2: 64 | BX2: 63 | BY2: 65 | BZ2: 32 | CA2: 68 | CB2: 126 | CC2: 73 | CD2: 110 | CE2: 74 | CF2: 96 | CG2: 75 | CH2: 42 | CI2: 78 | CJ2: 250 | CK2: 79 | CL2: 45 | CM2: 80 | CN2: 39 | CO2: 81 | CP2: 85 | CQ2: 82 | CR2: 346 | CS2: 83 | CT2: 96 | CU2: 84 | CV2: 36 | CW2: 85 | CX2: 54 | CY2: 86 | CZ2: 28 | DA2: 87 | DB2: 80
A3: 1 | C3: 4 | D3: 33 | E3: 5 | G3: 6 | I3: 8 | J3: 83 | K3: 11 | M3: 12 | O3: 13 | Q3: 14 | R3: 59 | S3: 15 | U3: 16 | W3: 17 | X3: 17 | Y3: 19 | Z3: 44 | AA3: 20 | AB3: 10 | AC3: 22 | AD3: 17 | AE3: 23 | AF3: 29 | AG3: 24 | AH3: 53 | AI3: 27 | AJ3: 82 | AM3: 30 | AN3: 13 | AO3: 32 | AP3: 11 | AQ3: 33 | AR3: 12 | AS3: 36 | AT3: 43 | AU3: 38 | AV3: 48 | AW3: 42 | AX3: 26 | AY3: 43 | AZ3: 48 | BA3: 45 | BB3: 53 | BC3: 47 | BD3: 24 | BE3: 48 | BF3: 70 | BG3: 49 | BH3: 63 | BI3: 52 | BJ3: 27 | BK3: 54 | BL3: 21 | BM3: 55 | BN3: 18 | BO3: 57 | BP3: 27 | BQ3: 58 | BR3: 31 | BS3: 62 | BT3: 37 | BU3: 63 | BV3: 24 | BW3: 64 | BX3: 42 | BY3: 65 | BZ3: 19 | CA3: 68 | CB3: 66 | CC3: 73 | CD3: 60 | CE3: 74 | CF3: 26 | CG3: 75 | CH3: 57 | CI3: 78 | CJ3: 175 | CK3: 79 | CL3: 24 | CM3: 80 | CN3: 63 | CO3: 81 | CP3: 69 | CQ3: 82 | CR3: 61 | CS3: 83 | CT3: 51 | CU3: 84 | CV3: 13 | CW3: 85 | CX3: 35 | CY3: 86 | CZ3: 11 | DA3: 87 | DB3: 31
A4: 1 | C4: 4 | D4: 106 | E4: 5 | G4: 6 | I4: 8 | J4: 87 | K4: 11 | M4: 12 | O4: 13 | Q4: 14 | R4: 71 | S4: 15 | U4: 16 | W4: 17 | X4: 42 | Y4: 19 | Z4: 25 | AA4: 20 | AB4: 13 | AC4: 22 | AD4: 16 | AE4: 23 | AF4: 31 | AG4: 24 | AH4: 24 | AI4: 27 | AJ4: 186 | AM4: 30 | AN4: 36 | AO4: 32 | AP4: 25 | AQ4: 33 | AR4: 41 | AS4: 36 | AT4: 51 | AU4: 38 | AV4: 72 | AW4: 42 | AX4: 43 | AY4: 43 | AZ4: 46 | BA4: 45 | BB4: 29 | BC4: 47 | BD4: 20 | BE4: 48 | BF4: 36 | BG4: 49 | BH4: 16 | BI4: 52 | BJ4: 360 | BK4: 54 | BL4: 32 | BM4: 55 | BN4: 40 | BO4: 57 | BP4: 57 | BQ4: 58 | BR4: 35 | BS4: 62 | BT4: 95 | BU4: 63 | BV4: 21 | BW4: 64 | BX4: 50 | BY4: 65 | BZ4: 15 | CA4: 68 | CB4: 205 | CC4: 73 | CD4: 17 | CE4: 74 | CF4: 21 | CG4: 75 | CH4: 38 | CI4: 78 | CJ4: 129 | CK4: 79 | CL4: 40 | CM4: 80 | CN4: 13 | CO4: 81 | CP4: 24 | CQ4: 82 | CR4: 20 | CS4: 83 | CT4: 57 | CU4: 84 | CV4: 106 | CW4: 85 | CX4: 47 | CY4: 86 | CZ4: 22 | DA4: 87 | DB4: 25
A5: 1 | C5: 4 | D5: 73 | E5: 5 | G5: 6 | I5: 8 | J5: 13 | K5: 11 | M5: 12 | O5: 13 | Q5: 14 | R5: 16 | S5: 15 | U5: 16 | W5: 17 | X5: 47 | Y5: 19 | Z5: 33 | AA5: 20 | AB5: 21 | AC5: 22 | AD5: 43 | AE5: 23 | AF5: 39 | AG5: 24 | AH5: 22 | AI5: 27 | AJ5: 27 | AM5: 30 | AN5: 19 | AO5: 32 | AP5: 27 | AQ5: 33 | AR5: 52 | AS5: 36 | AT5: 19 | AU5: 38 | AV5: 26 | AW5: 42 | AX5: 40 | AY5: 43 | AZ5: 22 | BA5: 45 | BB5: 42 | BC5: 47 | BD5: 25 | BE5: 48 | BF5: 27 | BG5: 49 | BH5: 10 | BI5: 52 | BJ5: 52 | BK5: 54 | BL5: 204 | BM5: 55 | BN5: 13 | BO5: 57 | BP5: 30 | BQ5: 58 | BR5: 35 | BS5: 62 | BT5: 210 | BU5: 63 | BV5: 10 | BW5: 64 | BX5: 12 | BY5: 65 | BZ5: 25 | CA5: 68 | CB5: 195 | CC5: 73 | CD5: 17 | CE5: 74 | CF5: 16 | CG5: 75 | CH5: 31 | CI5: 78 | CJ5: 55 | CK5: 79 | CL5: 29 | CM5: 80 | CN5: 60 | CO5: 81 | CP5: 16 | CQ5: 82 | CR5: 624 | CS5: 83 | CT5: 20 | CU5: 84 | CV5: 8 | CW5: 85 | CX5: 368 | CY5: 86 | CZ5: 64 | DA5: 87 | DB5: 75
A6: 1 | C6: 4 | D6: 7 | E6: 5 | G6: 6 | I6: 8 | J6: 28 | K6: 11 | M6: 12 | O6: 13 | Q6: 14 | R6: 16 | S6: 15 | U6: 16 | W6: 17 | X6: 15 | Y6: 19 | Z6: 78 | AA6: 20 | AB6: 13 | AC6: 22 | AD6: 11 | AE6: 23 | AF6: 25 | AG6: 24 | AH6: 20 | AI6: 27 | AJ6: 16 | AM6: 30 | AN6: 11 | AO6: 32 | AP6: 18 | AQ6: 33 | AR6: 6 | AS6: 36 | AT6: 30 | AU6: 38 | AV6: 18 | AW6: 42 | AX6: 33 | AY6: 43 | AZ6: 19 | BA6: 45 | BB6: 17 | BC6: 47 | BD6: 16 | BE6: 48 | BF6: 36 | BG6: 49 | BH6: 10 | BI6: 52 | BJ6: 22 | BK6: 54 | BL6: 15 | BM6: 55 | BN6: 11 | BO6: 57 | BP6: 13 | BQ6: 58 | BR6: 21 | BS6: 62 | BT6: 23 | BU6: 63 | BV6: 14 | BW6: 64 | BX6: 18 | BY6: 65 | BZ6: 44 | CA6: 68 | CB6: 17 | CC6: 73 | CD6: 23 | CE6: 74 | CF6: 31 | CG6: 75 | CH6: 36 | CI6: 78 | CJ6: 36 | CK6: 79 | CL6: 23 | CM6: 80 | CN6: 22 | CO6: 81 | CP6: 17 | CQ6: 82 | CR6: 13 | CS6: 83 | CT6: 22 | CU6: 84 | CV6: 6 | CW6: 85 | CX6: 37 | CY6: 86 | CZ6: 36 | DA6: 87 | DB6: 24
A7: 1 | C7: 4 | D7: 15 | E7: 5 | G7: 6 | I7: 8 | J7: 28 | K7: 11 | M7: 12 | O7: 13 | Q7: 14 | R7: 11 | S7: 15 | U7: 16 | W7: 17 | X7: 22 | Y7: 19 | Z7: 12 | AA7: 20 | AB7: 10 | AC7: 22 | AD7: 10 | AE7: 23 | AF7: 15 | AG7: 24 | AH7: 17 | AI7: 27 | AJ7: 10 | AM7: 30 | AN7: 8 | AO7: 32 | AP7: 19 | AQ7: 33 | AR7: 19 | AS7: 36 | AT7: 15 | AU7: 38 | AV7: 15 | AW7: 42 | AX7: 17 | AY7: 43 | AZ7: 13 | BA7: 45 | BB7: 10 | BC7: 47 | BD7: 34 | BE7: 48 | BF7: 18 | BG7: 49 | BH7: 6 | BI7: 52 | BJ7: 13 | BK7: 54 | BL7: 43 | BM7: 55 | BN7: 10 | BO7: 57 | BP7: 32 | BQ7: 58 | BR7: 26 | BS7: 62 | BT7: 13 | BU7: 63 | BV7: 8 | BW7: 64 | BX7: 8 | BY7: 65 | BZ7: 12 | CA7: 68 | CB7: 128 | CC7: 73 | CD7: 12 | CE7: 74 | CF7: 40 | CG7: 75 | CH7: 76 | CI7: 78 | CJ7: 27 | CK7: 79 | CL7: 18 | CM7: 80 | CN7: 12 | CO7: 81 | CP7: 16 | CQ7: 82 | CR7: 44 | CS7: 83 | CT7: 22 | CU7: 84 | CV7: 9 | CW7: 85 | CX7: 20 | CY7: 86 | CZ7: 9 | DA7: 87 | DB7: 17
A8: 1 | C8: 4 | D8: 11 | E8: 5 | G8: 6 | I8: 8 | J8: 17 | K8: 11 | M8: 12 | O8: 13 | Q8: 14 | R8: 7 | S8: 15 | U8: 16 | W8: 17 | X8: 21 | Y8: 19 | Z8: 16 | AA8: 20 | AB8: 13 | AC8: 22 | AD8: 11 | AE8: 23 | AF8: 16 | AG8: 24 | AH8: 21 | AI8: 27 | AJ8: 135 | AM8: 30 | AN8: 6 | AO8: 32 | AP8: 17 | AQ8: 33 | AR8: 14 | AS8: 36 | AT8: 17 | AU8: 38 | AV8: 11 | AW8: 42 | AX8: 12 | AY8: 43 | AZ8: 14 | BA8: 45 | BB8: 8 | BC8: 47 | BD8: 21 | BE8: 48 | BF8: 18 | BG8: 49 | BH8: 8 | BI8: 52 | BJ8: 14 | BK8: 54 | BL8: 12 | BM8: 55 | BN8: 10 | BO8: 57 | BP8: 12 | BQ8: 58 | BR8: 25 | BS8: 62 | BT8: 13 | BU8: 63 | BV8: 7 | BW8: 64 | BX8: 20 | BY8: 65 | BZ8: 9 | CA8: 68 | CB8: 24 | CC8: 73 | CD8: 18 | CE8: 74 | CF8: 11 | CG8: 75 | CH8: 22 | CI8: 78 | CJ8: 21 | CK8: 79 | CL8: 10 | CM8: 80 | CN8: 8 | CO8: 81 | CP8: 11 | CQ8: 82 | CR8: 11 | CS8: 83 | CT8: 23 | CU8: 84 | CV8: 7 | CW8: 85 | CX8: 20 | CY8: 86 | CZ8: 17 | DA8: 87 | DB8: 17
A9: 1 | C9: 4 | D9: 8 | E9: 5 | G9: 6 | I9: 8 | J9: 24 | K9: 11 | M9: 12 | O9: 13 | Q9: 14 | R9: 10 | S9: 15 | U9: 16 | W9: 17 | X9: 9 | Y9: 19 | Z9: 13 | AA9: 20 | AB9: 11 | AC9: 22 | AD9: 12 | AE9: 23 | AF9: 28 | AG9: 24 | AH9: 10 | AI9: 27 | AJ9: 83 | AM9: 30 | AN9: 9 | AO9: 32 | AP9: 18 | AQ9: 33 | AR9: 15 | AS9: 36 | AT9: 15 | AU9: 38 | AV9: 16 | AW9: 42 | AX9: 22 | AY9: 43 | AZ9: 12 | BA9: 45 | BB9: 14 | BC9: 47 | BD9: 10 | BE9: 48 | BF9: 18 | BG9: 49 | BH9: 10 | BI9: 52 | BJ9: 14 | BK9: 54 | BL9: 15 | BM9: 55 | BN9: 7 | BO9: 57 | BP9: 13 | BQ9: 58 | BR9: 18 | BS9: 62 | BT9: 102 | BU9: 63 | BV9: 6 | BW9: 64 | BX9: 15 | BY9: 65 | BZ9: 14 | CA9: 68 | CB9: 12 | CC9: 73 | CD9: 10 | CE9: 74 | CF9: 20 | CG9: 75 | CH9: 25 | CI9: 78 | CJ9: 34 | CK9: 79 | CL9: 12 | CM9: 80 | CN9: 15 | CO9: 81 | CP9: 14 | CQ9: 82 | CR9: 11 | CS9: 83 | CT9: 31 | CU9: 84 | CV9: 6 | CW9: 85 | CX9: 17 | CY9: 86 | CZ9: 10 | DA9: 87 | DB9: 13
A10: 1 | C10: 4 | D10: 6 | E10: 5 | G10: 6 | I10: 8 | J10: 12 | K10: 11 | M10: 12 | O10: 13 | Q10: 14 | R10: 13 | S10: 15 | U10: 16 | W10: 17 | X10: 6 | Y10: 19 | Z10: 59 | AA10: 20 | AB10: 6 | AC10: 22 | AD10: 14 | AE10: 23 | AF10: 11 | AG10: 24 | AH10: 15 | AI10: 27 | AJ10: 53 | AM10: 30 | AN10: 7 | AO10: 32 | AP10: 27 | AQ10: 33 | AR10: 81 | AS10: 36 | AT10: 16 | AU10: 38 | AV10: 157 | AW10: 42 | AX10: 9 | AY10: 43 | AZ10: 9 | BA10: 45 | BB10: 10 | BC10: 47 | BD10: 13 | BE10: 48 | BF10: 15 | BG10: 49 | BH10: 10 | BI10: 52 | BJ10: 18 | BK10: 54 | BL10: 13 | BM10: 55 | BN10: 8 | BO10: 57 | BP10: 11 | BQ10: 58 | BR10: 20 | BS10: 62 | BT10: 67 | BU10: 63 | BV10: 5 | BW10: 64 | BX10: 6 | BY10: 65 | BZ10: 15 | CA10: 68 | CB10: 10 | CC10: 73 | CD10: 12 | CE10: 74 | CF10: 16 | CG10: 75 | CH10: 34 | CI10: 78 | CJ10: 13 | CK10: 79 | CL10: 21 | CM10: 80 | CN10: 15 | CO10: 81 | CP10: 17 | CQ10: 82 | CR10: 8 | CS10: 83 | CT10: 16 | CU10: 84 | CV10: 22 | CW10: 85 | CX10: 18 | CY10: 86 | CZ10: 8 | DA10: 87 | DB10: 15
A11: 1 | C11: 4 | D11: 16 | G11: 6 | I11: 8 | J11: 24 | K11: 11 | M11: 12 | O11: 13 | Q11: 14 | R11: 6 | S11: 15 | U11: 16 | W11: 17 | X11: 8 | Y11: 19 | Z11: 8 | AA11: 20 | AB11: 6 | AC11: 22 | AD11: 26 | AE11: 23 | AF11: 8 | AG11: 24 | AH11: 6 | AI11: 27 | AJ11: 29 | AM11: 30 | AN11: 5 | AO11: 32 | AP11: 29 | AQ11: 33 | AR11: 16 | AS11: 36 | AT11: 13 | AU11: 38 | AV11: 15 | AW11: 42 | AX11: 9 | AY11: 43 | AZ11: 14 | BA11: 45 | BB11: 14 | BC11: 47 | BD11: 22 | BE11: 48 | BF11: 11 | BG11: 49 | BH11: 26 | BI11: 52 | BJ11: 8 | BK11: 54 | BL11: 8 | BM11: 55 | BN11: 7 | BO11: 57 | BP11: 154 | BQ11: 58 | BR11: 8 | BS11: 62 | BT11: 146 | BU11: 63 | BV11: 6 | BW11: 64 | BX11: 6 | BY11: 65 | BZ11: 10 | CA11: 68 | CB11: 8 | CC11: 73 | CD11: 8 | CE11: 74 | CF11: 9 | CG11: 75 | CH11: 9 | CI11: 78 | CJ11: 18 | CK11: 79 | CL11: 13 | CM11: 80 | CN11: 20 | CO11: 81 | CP11: 11 | CQ11: 82 | CR11: 18 | CS11: 83 | CT11: 16 | CU11: 84 | CV11: 12 | CW11: 85 | CX11: 36 | CY11: 86 | CZ11: 5 | DA11: 87 | DB11: 6
A12: 1 | C12: 4 | D12: 12 | G12: 6 | I12: 8 | J12: 11 | K12: 11 | M12: 12 | O12: 13 | Q12: 14 | R12: 5 | S12: 15 | U12: 16 | W12: 17 | X12: 7 | Y12: 19 | Z12: 6 | AA12: 20 | AB12: 5 | AC12: 22 | AD12: 10 | AE12: 23 | AF12: 7 | AG12: 24 | AH12: 6 | AI12: 27 | AJ12: 21 | AM12: 30 | AN12: 5 | AO12: 32 | AP12: 16 | AQ12: 33 | AR12: 17 | AS12: 36 | AT12: 20 | AU12: 38 | AV12: 159 | AW12: 42 | AX12: 8 | AY12: 43 | AZ12: 9 | BA12: 45 | BB12: 9 | BC12: 47 | BD12: 8 | BE12: 48 | BF12: 6 | BG12: 49 | BH12: 6 | BI12: 52 | BJ12: 6 | BK12: 54 | BL12: 43 | BM12: 55 | BN12: 5 | BO12: 57 | BP12: 21 | BQ12: 58 | BR12: 7 | BS12: 62 | BT12: 65 | BU12: 63 | BV12: 16 | BW12: 64 | BX12: 50 | BY12: 65 | BZ12: 9 | CA12: 68 | CB12: 8 | CC12: 73 | CD12: 9 | CE12: 74 | CF12: 8 | CG12: 75 | CH12: 12 | CI12: 78 | CJ12: 8 | CK12: 79 | CL12: 12 | CM12: 80 | CN12: 17 | CO12: 81 | CP12: 11 | CQ12: 82 | CR12: 9 | CS12: 83 | CT12: 38 | CU12: 84 | CV12: 6 | CW12: 85 | CX12: 29 | CY12: 86 | CZ12: 22 | DA12: 87 | DB12: 8
C13: 4 | D13: 7 | G13: 6 | I13: 8 | J13: 11 | K13: 11 | M13: 12 | O13: 13 | Q13: 14 | R13: 62 | S13: 15 | U13: 16 | W13: 17 | X13: 6 | Y13: 19 | Z13: 10 | AA13: 20 | AB13: 38 | AC13: 22 | AD13: 71 | AE13: 23 | AF13: 15 | AG13: 24 | AH13: 68 | AI13: 27 | AJ13: 52 | AM13: 30 | AN13: 26 | AO13: 32 | AP13: 33 | AQ13: 33 | AR13: 14 | AS13: 36 | AT13: 23 | AU13: 38 | AV13: 217 | AW13: 42 | AX13: 8 | AY13: 43 | AZ13: 9 | BA13: 45 | BB13: 15 | BC13: 47 | BD13: 12 | BE13: 48 | BF13: 11 | BG13: 49 | BH13: 15 | BI13: 52 | BJ13: 40 | BK13: 54 | BL13: 12 | BM13: 55 | BN13: 8 | BO13: 57 | BP13: 10 | BQ13: 58 | BR13: 71 | BS13: 62 | BT13: 132 | BU13: 63 | BV13: 16 | BW13: 64 | BX13: 39 | BY13: 65 | BZ13: 8 | CA13: 68 | CB13: 106 | CC13: 73 | CD13: 19 | CE13: 74 | CF13: 8 | CG13: 75 | CH13: 61 | CI13: 78 | CJ13: 7 | CK13: 79 | CL13: 6 | CM13: 80 | CN13: 11 | CO13: 81 | CP13: 7 | CQ13: 82 | CR13: 5 | CS13: 83 | CT13: 11 | CU13: 84 | CV13: 14 | CW13: 85 | CX13: 14 | CY13: 86 | CZ13: 8 | DA13: 87 | DB13: 8
C14: 4 | D14: 9 | G14: 6 | I14: 8 | J14: 45 | K14: 11 | M14: 12 | O14: 13 | Q14: 14 | R14: 59 | S14: 15 | U14: 16 | W14: 17 | X14: 5 | Y14: 19 | Z14: 26 | AA14: 20 | AB14: 9 | AC14: 22 | AD14: 67 | AE14: 23 | AF14: 17 | AG14: 24 | AH14: 34 | AI14: 27 | AJ14: 17 | AM14: 30 | AN14: 21 | AO14: 32 | AP14: 13 | AQ14: 33 | AR14: 16 | AS14: 36 | AT14: 19 | AU14: 38 | AV14: 21 | AW14: 42 | AX14: 36 | AY14: 43 | AZ14: 37 | BA14: 45 | BB14: 17 | BC14: 47 | BD14: 45 | BE14: 48 | BF14: 19 | BG14: 49 | BH14: 15 | BI14: 52 | BJ14: 11 | BK14: 54 | BL14: 14 | BM14: 55 | BN14: 14 | BO14: 57 | BP14: 12 | BQ14: 58 | BR14: 18 | BS14: 62 | BT14: 53 | BU14: 63 | BV14: 8 | BW14: 64 | BX14: 13 | BY14: 65 | BZ14: 14 | CA14: 68 | CB14: 6 | CC14: 73 | CD14: 21 | CE14: 74 | CF14: 11 | CG14: 75 | CH14: 6 | CI14: 78 | CJ14: 18 | CK14: 79 | CL14: 13 | CM14: 80 | CN14: 115 | CO14: 81 | CP14: 18 | CQ14: 82 | CR14: 5 | CS14: 83 | CT14: 93 | CU14: 84 | CV14: 18 | CW14: 85 | CX14: 8 | CY14: 86 | CZ14: 6 | DA14: 87 | DB14: 24
C15: 4 | D15: 19 | G15: 6 | I15: 8 | J15: 33 | K15: 11 | M15: 12 | O15: 13 | Q15: 14 | R15: 3 | S15: 16 | U15: 16 | W15: 17 | X15: 23 | Y15: 19 | Z15: 8 | AA15: 20 | AB15: 11 | AC15: 22 | AD15: 9 | AE15: 23 | AF15: 28 | AG15: 24 | AH15: 11 | AI15: 27 | AJ15: 121 | AM15: 30 | AN15: 8 | AO15: 32 | AP15: 14 | AQ15: 33 | AR15: 17 | AS15: 36 | AT15: 12 | AU15: 38 | AV15: 28 | AW15: 42 | AX15: 32 | AY15: 43 | AZ15: 70 | BA15: 45 | BB15: 12 | BC15: 47 | BD15: 35 | BE15: 48 | BF15: 25 | BG15: 49 | BH15: 6 | BI15: 52 | BJ15: 10 | BK15: 54 | BL15: 17 | BM15: 55 | BN15: 12 | BO15: 57 | BP15: 18 | BQ15: 58 | BR15: 28 | BS15: 62 | BT15: 17 | BU15: 63 | BV15: 8 | BW15: 64 | BX15: 9 | BY15: 65 | BZ15: 20 | CA15: 68 | CB15: 32 | CC15: 73 | CD15: 11 | CE15: 74 | CF15: 22 | CG15: 75 | CH15: 11 | CI15: 78 | CJ15: 30 | CK15: 79 | CL15: 25 | CM15: 80 | CN15: 8 | CO15: 81 | CP15: 28 | CQ15: 82 | CR15: 19 | CS15: 83 | CT15: 31 | CU15: 84 | CV15: 15 | CW15: 85 | CX15: 14 | CY15: 86 | CZ15: 12 | DA15: 87 | DB15: 34
C16: 4 | D16: 9 | G16: 6 | I16: 8 | J16: 13 | K16: 11 | M16: 12 | O16: 13 | Q16: 14 | R16: 6 | U16: 16 | W16: 17 | X16: 28 | AA16: 20 | AB16: 9 | AC16: 22 | AD16: 7 | AE16: 23 | AF16: 11 | AG16: 24 | AH16: 16 | AI16: 27 | AJ16: 104 | AM16: 30 | AN16: 8 | AO16: 32 | AP16: 11 | AQ16: 33 | AR16: 69 | AS16: 36 | AT16: 13 | AU16: 38 | AV16: 14 | AW16: 42 | AX16: 23 | AY16: 43 | AZ16: 15 | BA16: 45 | BB16: 9 | BC16: 47 | BD16: 12 | BE16: 48 | BF16: 13 | BG16: 49 | BH16: 8 | BI16: 52 | BJ16: 12 | BK16: 54 | BL16: 10 | BM16: 55 | BN16: 12 | BO16: 57 | BP16: 17 | BQ16: 58 | BR16: 16 | BS16: 62 | BT16: 11 | BU16: 63 | BV16: 10 | BW16: 64 | BX16: 12 | BY16: 65 | BZ16: 9 | CA16: 68 | CB16: 24 | CC16: 73 | CD16: 9 | CE16: 74 | CF16: 14 | CG16: 75 | CH16: 17 | CI16: 78 | CJ16: 13 | CK16: 79 | CL16: 9 | CM16: 80 | CN16: 49 | CO16: 81 | CP16: 10 | CQ16: 82 | CR16: 7 | CS16: 83 | CT16: 11 | CU16: 84 | CV16: 5 | CW16: 85 | CX16: 20 | CY16: 86 | CZ16: 20 | DA16: 87 | DB16: 13
C17: 4 | D17: 8 | G17: 6 | I17: 8 | J17: 19 | K17: 11 | M17: 12 | O17: 13 | Q17: 14 | R17: 15 | U17: 16 | W17: 17 | X17: 11 | AA17: 20 | AB17: 6 | AC17: 22 | AD17: 12 | AE17: 23 | AF17: 10 | AG17: 24 | AH17: 8 | AI17: 27 | AJ17: 12 | AM17: 30 | AN17: 6 | AO17: 32 | AP17: 13 | AQ17: 33 | AR17: 287 | AS17: 36 | AT17: 16 | AU17: 38 | AV17: 14 | AW17: 42 | AX17: 9 | AY17: 43 | AZ17: 10 | BA17: 45 | BB17: 17 | BC17: 47 | BD17: 24 | BE17: 48 | BF17: 11 | BG17: 49 | BH17: 12 | BI17: 52 | BJ17: 11 | BK17: 54 | BL17: 7 | BM17: 55 | BN17: 12 | BO17: 57 | BP17: 10 | BQ17: 58 | BR17: 13 | BS17: 62 | BT17: 96 | BU17: 63 | BV17: 7 | BW17: 64 | BX17: 9 | BY17: 65 | BZ17: 11 | CA17: 68 | CB17: 340 | CC17: 73 | CD17: 11 | CE17: 74 | CF17: 9 | CG17: 75 | CH17: 114 | CI17: 78 | CJ17: 12 | CK17: 79 | CL17: 9 | CM17: 80 | CN17: 30 | CO17: 81 | CP17: 10 | CQ17: 82 | CR17: 10 | CS17: 83 | CT17: 10 | CU17: 84 | CV17: 162 | CW17: 85 | CX17: 22 | CY17: 86 | CZ17: 31 | DA17: 87 | DB17: 14
C18: 4 | D18: 8 | G18: 6 | I18: 8 | J18: 13 | K18: 11 | M18: 12 | O18: 13 | Q18: 14 | R18: 9 | U18: 16 | W18: 17 | X18: 12 | AA18: 20 | AB18: 184 | AC18: 22 | AD18: 9 | AE18: 23 | AF18: 6 | AG18: 24 | AH18: 26 | AI18: 27 | AJ18: 14 | AM18: 30 | AN18: 5 | AO18: 32 | AP18: 9 | AQ18: 33 | AR18: 149 | AS18: 36 | AT18: 9 | AU18: 38 | AV18: 15 | AW18: 42 | AX18: 11 | AY18: 43 | AZ18: 13 | BA18: 45 | BB18: 8 | BC18: 47 | BD18: 12 | BE18: 48 | BF18: 13 | BG18: 49 | BH18: 6 | BI18: 52 | BJ18: 10 | BK18: 54 | BL18: 241 | BM18: 55 | BN18: 11 | BO18: 57 | BP18: 444 | BQ18: 58 | BR18: 11 | BS18: 62 | BT18: 10 | BU18: 63 | BV18: 74 | BW18: 64 | BX18: 60 | BY18: 65 | BZ18: 12 | CA18: 68 | CB18: 8 | CC18: 73 | CD18: 14 | CE18: 74 | CF18: 8 | CG18: 75 | CH18: 64 | CI18: 78 | CJ18: 11 | CK18: 79 | CL18: 14 | CM18: 80 | CN18: 155 | CO18: 81 | CP18: 9 | CQ18: 82 | CR18: 16 | CS18: 83 | CT18: 39 | CU18: 84 | CV18: 62 | CW18: 85 | CX18: 28 | CY18: 86 | CZ18: 8 | DA18: 87 | DB18: 8
C19: 4 | D19: 9 | G19: 6 | I19: 8 | J19: 6 | K19: 11 | M19: 12 | O19: 13 | Q19: 14 | R19: 1090 | U19: 16 | W19: 17 | X19: 6 | AA19: 20 | AB19: 23 | AC19: 22 | AD19: 126 | AE19: 23 | AF19: 123 | AG19: 24 | AH19: 169 | AI19: 27 | AJ19: 14 | AM19: 30 | AN19: 49 | AO19: 32 | AP19: 26 | AQ19: 33 | AR19: 39 | AS19: 36 | AT19: 47 | AU19: 38 | AV19: 6 | AW19: 42 | AX19: 536 | AY19: 43 | AZ19: 11 | BA19: 45 | BB19: 117 | BC19: 47 | BD19: 10 | BE19: 48 | BF19: 9 | BG19: 49 | BH19: 131 | BI19: 52 | BJ19: 256 | BK19: 54 | BL19: 32 | BM19: 55 | BN19: 67 | BO19: 57 | BP19: 35 | BQ19: 58 | BR19: 182 | BS19: 63 | BT19: 105 | BU19: 63 | BV19: 8 | BW19: 64 | BX19: 62 | BY19: 65 | BZ19: 8 | CA19: 68 | CB19: 14 | CC19: 73 | CD19: 46 | CE19: 74 | CF19: 7 | CG19: 75 | CH19: 397 | CI19: 78 | CJ19: 12 | CK19: 79 | CL19: 8 | CM19: 80 | CN19: 77 | CO19: 81 | CP19: 7 | CQ19: 82 | CR19: 7 | CS19: 83 | CT19: 8 | CU19: 84 | CV19: 107 | CW19: 85 | CX19: 27 | CY19: 86 | CZ19: 14 | DA19: 87 | DB19: 127
C20: 4 | D20: 291 | G20: 6 | I20: 8 | J20: 48 | K20: 11 | M20: 12 | O20: 13 | Q20: 14 | R20: 155 | U20: 16 | W20: 17 | X20: 1618 | AA20: 20 | AB20: 49 | AC20: 22 | AD20: 477 | AE20: 23 | AF20: 40 | AG20: 24 | AH20: 38 | AI20: 27 | AJ20: 9 | AM20: 30 | AN20: 20 | AO20: 32 | AP20: 46 | AQ20: 33 | AR20: 18 | AS20: 36 | AT20: 72 | AU20: 38 | AV20: 667 | AY20: 43 | AZ20: 566 | BA20: 45 | BB20: 27 | BC20: 47 | BD20: 229 | BE20: 48 | BF20: 211 | BG20: 49 | BH20: 32 | BI20: 52 | BJ20: 56 | BK20: 54 | BL20: 63 | BM20: 55 | BN20: 32 | BO20: 57 | BP20: 195 | BQ20: 58 | BR20: 69 | BW20: 64 | BX20: 32 | BY20: 65 | BZ20: 555 | CA20: 68 | CB20: 9 | CC20: 73 | CD20: 63 | CE20: 74 | CF20: 81 | CG20: 75 | CH20: 180 | CI20: 78 | CJ20: 310 | CK20: 79 | CL20: 109 | CM20: 80 | CN20: 46 | CO20: 81 | CP20: 65 | CQ20: 82 | CR20: 50 | CS20: 83 | CT20: 71 | CU20: 84 | CV20: 88 | CW20: 85 | CX20: 7 | CY20: 86 | CZ20: 6 | DA20: 87 | DB20: 66
C21: 4 | D21: 14 | G21: 6 | I21: 8 | J21: 87 | K21: 11 | M21: 12 | N21: 77 | O21: 13 | Q21: 14 | R21: 211 | W21: 17 | X21: 40 | AA21: 20 | AB21: 47 | AC21: 22 | AD21: 177 | AE21: 23 | AF21: 99 | AI21: 27 | AJ21: 57 | AM21: 30 | AN21: 34 | AU21: 38 | AV21: 45 | AY21: 43 | AZ21: 39 | BE21: 48 | BF21: 45 | BG21: 49 | BH21: 30 | BI21: 52 | BJ21: 74 | BK21: 54 | BL21: 3 | BM21: 55 | BN21: 33 | BO21: 57 | BP21: 396 | BQ21: 58 | BR21: 54 | BY21: 65 | BZ21: 23 | CA21: 68 | CB21: 1975 | CC21: 73 | CD21: 56 | CE21: 74 | CF21: 15 | CG21: 75 | CH21: 56 | CI21: 78 | CJ21: 33 | CK21: 79 | CL21: 97 | CM21: 80 | CN21: 7 | CO21: 81 | CP21: 49 | CQ21: 82 | CR21: 42 | CS21: 83 | CT21: 129 | CU21: 84 | CV21: 65 | CW21: 85 | CX21: 427 | CY21: 86 | CZ21: 72 | DA21: 87 | DB21: 131
C22: 4 | D22: 32 | K22: 11 | M22: 12 | N22: 582 | Q22: 14 | R22: 26 | W22: 17 | X22: 61 | AA22: 20 | AB22: 53 | AC22: 22 | AD22: 90 | AM22: 30 | AN22: 36 | AU22: 38 | AV22: 79 | AY22: 43 | AZ22: 63 | BE22: 48 | BF22: 103 | BG22: 49 | BH22: 98 | BI22: 52 | BJ22: 56 | BK22: 54 | BL22: 494 | BM22: 55 | BN22: 78 | BQ22: 58 | BR22: 1659 | CA22: 68 | CB22: 70 | CE22: 74 | CF22: 49 | CG22: 75 | CH22: 175 | CI22: 78 | CJ22: 51 | CK22: 79 | CL22: 74 | CM22: 80 | CN22: 39 | CO22: 81 | CP22: 109 | CQ22: 82 | CR22: 7 | CS22: 83 | CT22: 145 | CW22: 85 | CX22: 62 | CY22: 86 | CZ22: 55 | DA22: 87 | DB22: 52
C23: 4 | D23: 39 | K23: 11 | M23: 12 | N23: 53 | Q23: 14 | R23: 35 | W23: 17 | X23: 108 | AA23: 20 | AB23: 63 | AC23: 22 | AD23: 11 | AU23: 38 | AV23: 73 | AY23: 43 | AZ23: 87 | BE23: 48 | BF23: 548 | BG23: 49 | BH23: 51 | BI23: 52 | BJ23: 54 | BM23: 55 | BN23: 103 | BQ23: 58 | BR23: 78 | CA23: 68 | CB23: 267 | CE23: 74 | CF23: 39 | CG23: 75 | CH23: 20 | CI23: 78 | CJ23: 279 | CK23: 79 | CL23: 110 | CO23: 81 | CP23: 68 | CS23: 83 | CT23: 36 | CW23: 85 | CX23: 117 | CY23: 86 | CZ23: 72 | DA23: 87 | DB23: 106
C24: 4 | D24: 51 | K24: 11 | Q24: 14 | R24: 48 | AC24: 22 | AD24: 15 | AU24: 38 | AV24: 137 | AY24: 43 | AZ24: 58 | BE24: 48 | BF24: 47 | BG24: 49 | BH24: 29 | BI24: 52 | BJ24: 43 | BM24: 55 | BN24: 79 | BQ24: 58 | BR24: 80 | CA24: 68 | CB24: 82 | CE24: 74 | CF24: 48 | CI24: 78 | CJ24: 87 | CW24: 85 | CX24: 55 | CY24: 86 | CZ24: 57 | DA24: 87 | DB24: 6
C25: 4 | D25: 62 | AY25: 43 | AZ25: 55 | BE25: 48 | BF25: 57 | CE25: 74 | CF25: 31 | CI25: 78 | CJ25: 80 | CW25: 85 | CX25: 203 | DA25: 87 | DB25: 88
CW26: 85 | CX26: 125 | DA26: 87 | DB26: 100
A30: Average Time per Question
A31: =AVERAGE(B1,D1,F1,H1,J1,L1,N1,P1,R1,T1+V1,X1,Z1,AB1,AD1,AF1,AH1,AJ1,AL1,AN1,AP1,AR1,AT1,AV1,AX1,AZ1,BB1,BD1+BF1,BH1,BJ1,BL1,BN1,BP1,BR1,BT1,BV1,BX1,BZ1,CB1,CD1,CF1,CH1,CJ1,CL1,CN1,CP1,CR1,CT1,CV1,CX1,DB1,CZ1) -> 109.53333 | C31: =AVERAGE(A31:A48) -> 35.703021
A32: =AVERAGE(B2,D2,F2,H2,J2,L2,N2,P2,R2,T2+V2,X2,Z2,AB2,AD2,AF2,AH2,AJ2,AL2,AN2,AP2,AR2,AT2,AV2,AX2,AZ2,BB2,BD2+BF2,BH2,BJ2,BL2,BN2,BP2,BR2,BT2,BV2,BX2,BZ2,CB2,CD2,CF2,CH2,CJ2,CL2,CN2,CP2,CR2,CT2,CV2,CX2,DB2,CZ2) -> 63.477273
A33: =AVERAGE(B3,D3,F3,H3,J3,L3,N3,P3,R3,T3+V3,X3,Z3,AB3,AD3,AF3,AH3,AJ3,AL3,AN3,AP3,AR3,AT3,AV3,AX3,AZ3,BB3,BD3+BF3,BH3,BJ3,BL3,BN3,BP3,BR3,BT3,BV3,BX3,BZ3,CB3,CD3,CF3,CH3,CJ3,CL3,CN3,CP3,CR3,CT3,CV3,CX3,DB3,CZ3) -> 41.5
A34: =AVERAGE(B4,D4,F4,H4,J4,L4,N4,P4,R4,T4+V4,X4,Z4,AB4,AD4,AF4,AH4,AJ4,AL4,AN4,AP4,AR4,AT4,AV4,AX4,AZ4,BB4,BD4+BF4,BH4,BJ4,BL4,BN4,BP4,BR4,BT4,BV4,BX4,BZ4,CB4,CD4,CF4,CH4,CJ4,CL4,CN4,CP4,CR4,CT4,CV4,CX4,DB4,CZ4) -> 56.477273
A35: =AVERAGE(B5,D5,F5,H5,J5,L5,N5,P5,R5,T5+V5,X5,Z5,AB5,AD5,AF5,AH5,AJ5,AL5,AN5,AP5,AR5,AT5,AV5,AX5,AZ5,BB5,BD5+BF5,BH5,BJ5,BL5,BN5,BP5,BR5,BT5,BV5,BX5,BZ5,CB5,CD5,CF5,CH5,CJ5,CL5,CN5,CP5,CR5,CT5,CV5,CX5,DB5,CZ5) -> 63.909091
A36: =AVERAGE(B6,D6,F6,H6,J6,L6,N6,P6,R6,T6+V6,X6,Z6,AB6,AD6,AF6,AH6,AJ6,AL6,AN6,AP6,AR6,AT6,AV6,AX6,AZ6,BB6,BD6+BF6,BH6,BJ6,BL6,BN6,BP6,BR6,BT6,BV6,BX6,BZ6,CB6,CD6,CF6,CH6,CJ6,CL6,CN6,CP6,CR6,CT6,CV6,CX6,DB6,CZ6) -> 21.977273
A37: =AVERAGE(B7,D7,F7,H7,J7,L7,N7,P7,R7,T7+V7,X7,Z7,AB7,AD7,AF7,AH7,AJ7,AL7,AN7,AP7,AR7,AT7,AV7,AX7,AZ7,BB7,BD7+BF7,BH7,BJ7,BL7,BN7,BP7,BR7,BT7,BV7,BX7,BZ7,CB7,CD7,CF7,CH7,CJ7,CL7,CN7,CP7,CR7,CT7,CV7,CX7,DB7,CZ7) -> 21.340909
A38: =AVERAGE(B8,D8,F8,H8,J8,L8,N8,P8,R8,T8+V8,X8,Z8,AB8,AD8,AF8,AH8,AJ8,AL8,AN8,AP8,AR8,AT8,AV8,AX8,AZ8,BB8,BD8+BF8,BH8,BJ8,BL8,BN8,BP8,BR8,BT8,BV8,BX8,BZ8,CB8,CD8,CF8,CH8,CJ8,CL8,CN8,CP8,CR8,CT8,CV8,CX8,DB8,CZ8) -> 17.181818
A39: =AVERAGE(B9,D9,F9,H9,J9,L9,N9,P9,R9,T9+V9,X9,Z9,AB9,AD9,AF9,AH9,AJ9,AL9,AN9,AP9,AR9,AT9,AV9,AX9,AZ9,BB9,BD9+BF9,BH9,BJ9,BL9,BN9,BP9,BR9,BT9,BV9,BX9,BZ9,CB9,CD9,CF9,CH9,CJ9,CL9,CN9,CP9,CR9,CT9,CV9,CX9,DB9,CZ9) -> 18.204545
A40: =AVERAGE(B10,D10,F10,H10,J10,L10,N10,P10,R10,T10+V10,X10,Z10,AB10,AD10,AF10,AH10,AJ10,AL10,AN10,AP10,AR10,AT10,AV10,AX10,AZ10,BB10,BD10+BF10,BH10,BJ10,BL10,BN10,BP10,BR10,BT10,BV10,BX10,BZ10,CB10,CD10,CF10,CH10,CJ10,CL10,CN10,CP10,CR10,CT10,CV10,CX10,DB10,CZ10) -> 21.295455
A41: =AVERAGE(B11,D11,F11,H11,J11,L11,N11,P11,R11,T11+V11,X11,Z11,AB11,AD11,AF11,AH11,AJ11,AL11,AN11,AP11,AR11,AT11,AV11,AX11,AZ11,BB11,BD11+BF11,BH11,BJ11,BL11,BN11,BP11,BR11,BT11,BV11,BX11,BZ11,CB11,CD11,CF11,CH11,CJ11,CL11,CN11,CP11,CR11,CT11,CV11,CX11,DB11,CZ11) -> 19.386364
A42: =AVERAGE(B12,D12,F12,H12,J12,L12,N12,P12,R12,T12+V12,X12,Z12,AB12,AD12,AF12,AH12,AJ12,AL12,AN12,AP12,AR12,AT12,AV12,AX12,AZ12,BB12,BD12+BF12,BH12,BJ12,BL12,BN12,BP12,BR12,BT12,BV12,BX12,BZ12,CB12,CD12,CF12,CH12,CJ12,CL12,CN12,CP12,CR12,CT12,CV12,CX12,DB12,CZ12) -> 17.545455
A43: =AVERAGE(B13,D13,F13,H13,J13,L13,N13,P13,R13,T13+V13,X13,Z13,AB13,AD13,AF13,AH13,AJ13,AL13,AN13,AP13,AR13,AT13,AV13,AX13,AZ13,BB13,BD13+BF13,BH13,BJ13,BL13,BN13,BP13,BR13,BT13,BV13,BX13,BZ13,CB13,CD13,CF13,CH13,CJ13,CL13,CN13,CP13,CR13,CT13,CV13,CX13,DB13,CZ13) -> 30.545455
... A65: =AVERAGE(B35,D35,F35,H35,J35,L35,N35,P35,R35,T35+V35,X35,Z35,AB35,AD35,AF35,AH35,AJ35,AL35,AN35,AP35,AR35,AT35,AV35,AX35,AZ35,BB35,BD35+BF35,BH35,BJ35,BL35,BN35,BP35,BR35,BT35,BV35,BX35,BZ35,CB35,CD35,CF35,CH35,CJ35,CL35,CN35,CP35,CR35,CT35,CV35,CX35,DB35,CZ35) -> 0

Sheet Average Time Collab Incorrect
A1: 7 | B1: 202 | C1: 21 | D1: 60 | E1: 25 | F1: 136 | G1: 26 | H1: 6 | I1: 35 | J1: 59 | K1: 37 | L1: 355 | M1: 56 | N1: 28 | O1: 66 | P1: 16 | Q1: 69 | R1: 37 | S1: 70 | T1: 14 | U1: 76 | V1: 20 | W1: 77 | X1: 62
A2: 7 | B2: 83 | C2: 21 | D2: 141 | E2: 25 | F2: 114 | G2: 26 | H2: 75 | I2: 35 | J2: 55 | K2: 37 | L2: 129 | M2: 56 | N2: 39 | O2: 66 | P2: 18 | Q2: 69 | R2: 45 | S2: 70 | T2: 16 | U2: 76 | V2: 16 | W2: 77 | X2: 76
A3: 7 | B3: 375 | C3: 21 | D3: 120 | E3: 25 | F3: 207 | G3: 26 | H3: 160 | I3: 35 | J3: 71 | K3: 37 | L3: 115 | M3: 56 | N3: 93 | O3: 66 | P3: 13 | Q3: 69 | R3: 59 | S3: 70 | T3: 20 | U3: 76 | V3: 43 | W3: 77 | X3: 500
A4: 7 | B4: 73 | C4: 21 | D4: 105 | E4: 25 | F4: 69 | G4: 26 | H4: 61 | I4: 35 | J4: 11 | K4: 37 | L4: 34 | O4: 66 | P4: 27 | S4: 70 | T4: 130 | U4: 76 | V4: 226 | W4: 77 | X4: 154
A5: 7 | B5: 32 | C5: 21 | D5: 148 | E5: 25 | F5: 5 | G5: 26 | H5: 14 | I5: 35 | J5: 31 | K5: 37 | L5: 55 | O5: 66 | P5: 11 | S5: 70 | T5: 261 | U5: 76 | V5: 55 | W5: 77 | X5: 110
A6: 7 | B6: 33 | E6: 25 | F6: 21 | G6: 26 | H6: 148 | K6: 37 | L6: 88 | O6: 66 | P6: 6 | S6: 70 | T6: 132 | U6: 76 | V6: 44 | W6: 77 | X6: 267
A7: 7 | B7: 47 | E7: 25 | F7: 48 | G7: 26 | H7: 54 | O7: 66 | P7: 8 | U7: 76 | V7: 54 | W7: 77 | X7: 158
A8: 7 | B8: 475 | E8: 25 | F8: 69 | G8: 26 | H8: 21 | O8: 66 | P8: 14 | U8: 76 | V8: 131 | W8: 77 | X8: 36
A9: 7 | B9: 199 | E9: 25 | F9: 70 | G9: 26 | H9: 21 | O9: 66 | P9: 18 | W9: 77 | X9: 43
A10: 7 | B10: 225 | E10: 25 | F10: 25 | G10: 26 | H10: 53 | O10: 66 | P10: 15 | W10: 77 | X10: 38
A11: 7 | B11: 14 | E11: 25 | F11: 15 | G11: 26 | H11: 40 | O11: 66 | P11: 57 | W11: 77 | X11: 25
A12: 7 | B12: 168 | E12: 25 | F12: 59 | G12: 26 | H12: 69 | W12: 77 | X12: 40
A13: 7 | B13: 49 | E13: 25 | F13: 59 | G13: 26 | H13: 35 | W13: 77 | X13: 63
A14: 7 | B14: 221 | E14: 25 | F14: 88 | G14: 26 | H14: 23
A15: 7 | B15: 320 | G15: 26 | H15: 178
A16: 7 | B16: 184 | G16: 26 | H16: 94
A17: 7 | B17: 43 | G17: 26 | H17: 101
A18: 7 | B18: 121 | G18: 26 | H18: 87
A19: 7 | B19: 39 | G19: 26 | H19: 102
A20: 7 | B20: 80 | G20: 26 | H20: 33
A21: 7 | B21: 107 | G21: 26 | H21: 24
A22: 7 | B22: 230 | G22: 26 | H22: 34
A23: 7 | B23: 16 | G23: 26 | H23: 20
A24: Average Time per Question
A25: =AVERAGE(B1,D1,F1,H1,J1,L1,N1,P1,R1,T1,V1,X1,Z1,AB1,AD1,AF1) -> 82.916667 | C25: =AVERAGE(A25:A41) -> 85.396354
A26: =AVERAGE(B2,D2,F2,H2,J2,L2,N2,P2,R2,T2,V2,X2,Z2,AB2,AD2,AF2) -> 67.25
A27: =AVERAGE(B3,D3,F3,H3,J3,L3,N3,P3,R3,T3,V3,X3,Z3,AB3,AD3,AF3) -> 148
A28: =AVERAGE(B4,D4,F4,H4,J4,L4,N4,P4,R4,T4,V4,X4,Z4,AB4,AD4,AF4) -> 89
A29: =AVERAGE(B5,D5,F5,H5,J5,L5,N5,P5,R5,T5,V5,X5,Z5,AB5,AD5,AF5) -> 72.2
A30: =AVERAGE(B6,D6,F6,H6,J6,L6,N6,P6,R6,T6,V6,X6,Z6,AB6,AD6,AF6) -> 92.375
A31: =AVERAGE(B7,D7,F7,H7,J7,L7,N7,P7,R7,T7,V7,X7,Z7,AB7,AD7,AF7) -> 61.5
A32: =AVERAGE(B8,D8,F8,H8,J8,L8,N8,P8,R8,T8,V8,X8,Z8,AB8,AD8,AF8) -> 124.33333
A33: =AVERAGE(B9,D9,F9,H9,J9,L9,N9,P9,R9,T9,V9,X9,Z9,AB9,AD9,AF9) -> 70.2
A34: =AVERAGE(B10,D10,F10,H10,J10,L10,N10,P10,R10,T10,V10,X10,Z10,AB10,AD10,AF10) -> 71.2
A35: =AVERAGE(B11,D11,F11,H11,J11,L11,N11,P11,R11,T11,V11,X11,Z11,AB11,AD11,AF11) -> 30.2
A36: =AVERAGE(B12,D12,F12,H12,J12,L12,N12,P12,R12,T12,V12,X12,Z12,AB12,AD12,AF12) -> 84
A37: =AVERAGE(B13,D13,F13,H13,J13,L13,N13,P13,R13,T13,V13,X13,Z13,AB13,AD13,AF13) -> 51.5
... A45: =AVERAGE(B21,D21,F21,H21,J21,L21,N21,P21,R21,T21,V21,X21,Z21,AB21,AD21,AF21) -> 65.5

Sheet Average Time Incorrect
A1: 4 | B1: 53 | C1: 5 | D1: 61 | E1: 6 | F1: 61 | G1: 8 | H1: 47 | I1: 11 | J1: 61 | K1: 12 | L1: 61 | M1: 13 | N1: 61 | O1: 14 | P1: 15 | Q1: 15 | R1: 61 | S1: 16 | T1: 61 | U1: 17 | V1: 40 | W1: 19 | X1: 174 | Y1: 20 | Z1: 10 | AA1: 22 | AB1: 36 | AC1: 23 | AD1: 83 | AE1: 24 | AF1: 66 | AG1: 27 | AH1: 216 | AI1: 30 | AJ1: 70 | AK1: 32 | AL1: 29 | AM1: 33 | AN1: 22 | AO1: 36 | AP1: 55 | AQ1: 38 | AR1: 28 | AS1: 42 | AT1: 31 | AU1: 43 | AV1: 23 | AW1: 45 | AX1: 46 | AY1: 47 | AZ1: 108 | BA1: 48 | BB1: 310 | BC1: 49 | BD1: 20 | BE1: 52 | BF1: 124 | BG1: 54 | BH1: 21 | BI1: 55 | BJ1: 24 | BK1: 57 | BL1: 674 | BM1: 58 | BN1: 26 | BO1: 62 | BP1: 22 | BQ1: 63 | BR1: 42 | BS1: 64 | BT1: 27 | BU1: 65 | BV1: 25 | BW1: 68 | BX1: 132 | BY1: 73 | BZ1: 34 | CA1: 74 | CB1: 12 | CC1: 75 | CD1: 22 | CE1: 78 | CF1: 31 | CG1: 79 | CH1: 34 | CI1: 80 | CJ1: 22 | CK1: 81 | CL1: 24 | CM1: 82 | CN1: 22 | CO1: 83 | CP1: 43 | CQ1: 84 | CR1: 41 | CS1: 85 | CT1: 30 | CU1: 86 | CV1: 51 | CW1: 87 | CX1: 11
A2: 4 | B2: 67 | C2: 5 | D2: 61 | E2: 6 | F2: 61 | G2: 8 | H2: 19 | I2: 11 | J2: 61 | K2: 12 | L2: 61 | M2: 13 | N2: 61 | O2: 14 | P2: 27 | Q2: 15 | R2: 61 | S2: 16 | T2: 61 | U2: 17 | V2: 38 | W2: 19 | X2: 26 | Y2: 20 | Z2: 97 | AA2: 22 | AB2: 61 | AC2: 23 | AD2: 36 | AE2: 24 | AF2: 32 | AG2: 27 | AH2: 59 | AI2: 30 | AJ2: 18 | AK2: 32 | AL2: 72 | AM2: 33 | AN2: 15 | AO2: 36 | AP2: 44 | AQ2: 38 | AR2: 82 | AS2: 42 | AT2: 89 | AU2: 43 | AV2: 21 | AW2: 45 | AX2: 251 | AY2: 47 | AZ2: 15 | BA2: 48 | BB2: 72 | BC2: 49 | BD2: 29 | BE2: 52 | BF2: 247 | BG2: 54 | BH2: 72 | BI2: 55 | BJ2: 19 | BK2: 57 | BL2: 63 | BM2: 58 | BN2: 55 | BO2: 62 | BP2: 32 | BQ2: 63 | BR2: 23 | BS2: 64 | BT2: 11 | BW2: 68 | BX2: 80 | BY2: 73 | BZ2: 14 | CC2: 75 | CD2: 1629 | CE2: 78 | CF2: 28 | CG2: 79 | CH2: 8 | CI2: 80 | CJ2: 43 | CK2: 81 | CL2: 20 | CM2: 82 | CN2: 30 | CO2: 83 | CP2: 40 | CQ2: 84 | CR2: 54 | CS2: 85 | CT2: 34 | CU2: 86 | CV2: 9 | CW2: 87 | CX2: 20
A3: 4 | B3: 15 | C3: 5 | D3: 61 | E3: 6 | F3: 61 | G3: 8 | H3: 244 | I3: 11 | J3: 61 | K3: 12 | L3: 61 | M3: 13 | N3: 61 | O3: 14 | P3: 21 | Q3: 15 | R3: 61 | S3: 16 | T3: 61 | U3: 17 | V3: 17 | W3: 19 | X3: 16 | Y3: 20 | Z3: 16 | AA3: 22 | AB3: 81 | AC3: 23 | AD3: 22 | AE3: 24 | AF3: 47 | AG3: 27 | AH3: 111 | AI3: 30 | AJ3: 10 | AK3: 32 | AL3: 40 | AM3: 33 | AN3: 38 | AO3: 36 | AP3: 25 | AQ3: 38 | AR3: 36 | AS3: 42 | AT3: 29 | AU3: 43 | AV3: 22 | AW3: 45 | AX3: 44 | AY3: 47 | AZ3: 8 | BA3: 48 | BB3: 90 | BC3: 49 | BD3: 39 | BE3: 52 | BF3: 151 | BG3: 54 | BH3: 96 | BI3: 55 | BJ3: 9 | BK3: 57 | BL3: 78 | BM3: 58 | BN3: 27 | BO3: 62 | BP3: 22 | BQ3: 63 | BR3: 11 | BS3: 64 | BT3: 21 | BW3: 68 | BX3: 20 | BY3: 73 | BZ3: 58 | CC3: 75 | CD3: 12 | CE3: 78 | CF3: 123 | CG3: 79 | CH3: 36 | CI3: 80 | CJ3: 34 | CK3: 81 | CL3: 9 | CM3: 82 | CN3: 27 | CO3: 83 | CP3: 32 | CQ3: 84 | CR3: 6303 | CS3: 85 | CT3: 13 | CU3: 86 | CV3: 61 | CW3: 87 | CX3: 5
A4: 4 | B4: 26 | C4: 5 | D4: 61 | E4: 6 | F4: 61 | G4: 8 | H4: 93 | I4: 11 | J4: 61 | K4: 12 | L4: 61 | M4: 13 | N4: 61 | O4: 14 | P4: 21 | Q4: 15 | R4: 61 | S4: 16 | T4: 61 | U4: 17 | V4: 23 | W4: 19 | X4: 13 | Y4: 20 | Z4: 16 | AA4: 22 | AB4: 22 | AC4: 23 | AD4: 60 | AE4: 24 | AF4: 61 | AG4: 27 | AH4: 192 | AI4: 30 | AJ4: 17 | AK4: 32 | AL4: 26 | AM4: 33 | AN4: 22 | AO4: 36 | AP4: 329 | AQ4: 38 | AR4: 57 | AS4: 42 | AT4: 21 | AU4: 43 | AV4: 12 | AW4: 45 | AX4: 258 | AY4: 47 | AZ4: 12 | BA4: 48 | BB4: 88 | BC4: 49 | BD4: 27 | BE4: 52 | BF4: 422 | BG4: 54 | BH4: 3 | BI4: 55 | BJ4: 12 | BK4: 57 | BL4: 87 | BM4: 58 | BN4: 198 | BO4: 62 | BP4: 28 | BQ4: 63 | BR4: 141 | BS4: 64 | BT4: 16 | BW4: 68 | BX4: 201 | BY4: 73 | BZ4: 30 | CC4: 75 | CD4: 27 | CE4: 78 | CF4: 18 | CG4: 79 | CH4: 12 | CI4: 80 | CJ4: 16 | CK4: 81 | CL4: 21 | CM4: 82 | CN4: 12 | CO4: 83 | CP4: 60 | CQ4: 84 | CR4: 11 | CS4: 85 | CT4: 47 | CU4: 86 | CV4: 57 | CW4: 87 | CX4: 66
A5: 4 | B5: 12 | C5: 5 | D5: 61 | E5: 6 | F5: 61 | G5: 8 | H5: 203 | I5: 11 | J5: 61 | K5: 12 | L5: 61 | M5: 13 | N5: 61 | O5: 14 | P5: 24 | Q5: 15 | R5: 61 | S5: 16 | T5: 61 | U5: 17 | V5: 11 | W5: 19 | X5: 59 | Y5: 20 | Z5: 15 | AA5: 22 | AB5: 16 | AC5: 23 | AD5: 14 | AE5: 24 | AF5: 81 | AG5: 27 | AH5: 88 | AI5: 30 | AJ5: 8 | AK5: 32 | AL5: 24 | AM5: 33 | AN5: 85 | AO5: 36 | AP5: 105 | AQ5: 38 | AR5: 199 | AS5: 42 | AT5: 14 | AU5: 43 | AV5: 84 | AY5: 47 | AZ5: 54 | BA5: 48 | BB5: 126 | BC5: 49 | BD5: 92 | BE5: 52 | BF5: 56 | BG5: 54 | BH5: 12 | BI5: 55 | BJ5: 88 | BK5: 57 | BL5: 457 | BM5: 58 | BN5: 29 | BO5: 62 | BP5: 23 | BS5: 64 | BT5: 28 | BY5: 73 | BZ5: 40 | CC5: 75 | CD5: 30 | CE5: 78 | CF5: 72 | CG5: 79 | CH5: 34 | CI5: 80 | CJ5: 17 | CK5: 81 | CL5: 12 | CM5: 82 | CN5: 40 | CO5: 83 | CP5: 141 | CQ5: 84 | CR5: 13 | CS5: 85 | CT5: 196 | CU5: 86 | CV5: 2 | CW5: 87 | CX5: 13
A6: 4 | B6: 41 | C6: 5 | D6: 61 | E6: 6 | F6: 61 | I6: 11 | J6: 61 | K6: 12 | L6: 61 | M6: 13 | N6: 61 | O6: 14 | P6: 183 | Q6: 15 | R6: 61 | S6: 16 | T6: 61 | U6: 17 | V6: 37 | W6: 19 | X6: 12 | Y6: 20 | Z6: 18 | AA6: 22 | AB6: 15 | AC6: 23 | AD6: 13 | AE6: 24 | AF6: 201 | AG6: 27 | AH6: 39 | AI6: 30 | AJ6: 52 | AK6: 32 | AL6: 72 | AM6: 33 | AN6: 28 | AQ6: 38 | AR6: 54 | AS6: 42 | AT6: 26 | AU6: 43 | AV6: 11 | AY6: 47 | AZ6: 11 | BC6: 49 | BD6: 530 | BE6: 52 | BF6: 32 | BG6: 54 | BH6: 65 | BI6: 55 | BJ6: 31 | BK6: 57 | BL6: 74 | BM6: 58 | BN6: 251 | BO6: 62 | BP6: 31 | BS6: 64 | BT6: 26 | BY6: 73 | BZ6: 150 | CC6: 75 | CD6: 41 | CE6: 78 | CF6: 87 | CI6: 80 | CJ6: 12 | CK6: 81 | CL6: 118 | CM6: 82 | CN6: 9 | CO6: 83 | CP6: 99 | CQ6: 84 | CR6: 18 | CS6: 85 | CT6: 133 | CU6: 86 | CV6: 47 | CW6: 87 | CX6: 78
A7: 4 | B7: 6 | C7: 5 | D7: 61 | E7: 6 | F7: 61 | K7: 12 | L7: 61 | M7: 13 | N7: 61 | O7: 14 | P7: 65 | Q7: 15 | R7: 61 | S7: 16 | T7: 61 | U7: 17 | V7: 54 | AA7: 22 | AB7: 74 | AC7: 23 | AD7: 18 | AE7: 24 | AF7: 5 | AG7: 27 | AH7: 124 | AI7: 30 | AJ7: 16 | AM7: 33 | AN7: 75 | AQ7: 38 | AR7: 21 | AS7: 42 | AT7: 15 | AU7: 43 | AV7: 56 | AY7: 47 | AZ7: 30 | BC7: 49 | BD7: 188 | BE7: 52 | BF7: 436 | BG7: 54 | BH7: 44 | BI7: 55 | BJ7: 89 | BK7: 57 | BL7: 24 | BO7: 62 | BP7: 11 | BS7: 64 | BT7: 18 | BY7: 73 | BZ7: 127 | CC7: 75 | CD7: 19 | CE7: 78 | CF7: 34 | CI7: 80 | CJ7: 9 | CK7: 81 | CL7: 279 | CM7: 82 | CN7: 12 | CO7: 83 | CP7: 97 | CQ7: 84 | CR7: 21 | CS7: 85 | CT7: 478 | CU7: 86 | CV7: 124 | CW7: 87 | CX7: 80
A8: 4 | B8: 42 | E8: 6 | F8: 61 | K8: 12 | L8: 61 | M8: 13 | N8: 61 | O8: 14 | P8: 42 | Q8: 15 | R8: 61 | S8: 16 | T8: 61 | U8: 17 | V8: 28 | AA8: 22 | AB8: 287 | AC8: 23 | AD8: 158 | AE8: 24 | AF8: 9 | AG8: 27 | AH8: 47 | AI8: 30 | AJ8: 16 | AM8: 33 | AN8: 18 | AQ8: 38 | AR8: 86 | AS8: 42 | AT8: 32 | AU8: 43 | AV8: 158 | AY8: 47 | AZ8: 92 | BC8: 49 | BD8: 675 | BE8: 52 | BF8: 77 | BG8: 54 | BH8: 50 | BI8: 55 | BJ8: 35 | BK8: 57 | BL8: 20 | BO8: 62 | BP8: 16 | BS8: 64 | BT8: 52 | BY8: 73 | BZ8: 67 | CC8: 75 | CD8: 22 | CE8: 78 | CF8: 17 | CI8: 80 | CJ8: 14 | CK8: 81 | CL8: 82 | CM8: 82 | CN8: 17 | CO8: 83 | CP8: 10 | CQ8: 84 | CR8: 12 | CU8: 86 | CV8: 62 | CW8: 87 | CX8: 101
A9: 4 | B9: 16 | E9: 6 | F9: 61 | K9: 12 | L9: 61 | O9: 14 | P9: 31 | Q9: 15 | R9: 61 | S9: 16 | T9: 61 | U9: 17 | V9: 31 | AA9: 22 | AB9: 532 | AC9: 23 | AD9: 6 | AE9: 24 | AF9: 67 | AG9: 27 | AH9: 63 | AI9: 30 | AJ9: 4 | AM9: 33 | AN9: 28 | AQ9: 38 | AR9: 39 | AS9: 42 | AT9: 7 | AU9: 43 | AV9: 140 | AY9: 47 | AZ9: 91 | BE9: 52 | BF9: 4 | BG9: 54 | BH9: 54 | BI9: 55 | BJ9: 137 | BK9: 57 | BL9: 17 | BO9: 62 | BP9: 21 | BS9: 64 | BT9: 24 | BY9: 73 | BZ9: 27 | CC9: 75 | CD9: 90 | CE9: 78 | CF9: 16 | CI9: 80 | CJ9: 12 | CK9: 81 | CL9: 360 | CM9: 82 | CN9: 320 | CO9: 83 | CP9: 20 | CQ9: 84 | CR9: 13 | CW9: 87 | CX9: 68
A10: 4 | B10: 24 | E10: 6 | F10: 61 | K10: 12 | L10: 61 | O10: 14 | P10: 92 | Q10: 15 | R10: 61 | S10: 16 | T10: 61 | U10: 17 | V10: 11 | AA10: 22 | AB10: 17 | AC10: 23 | AD10: 6 | AE10: 24 | AF10: 62 | AI10: 30 | AJ10: 10 | AM10: 33 | AN10: 78 | AQ10: 38 | AR10: 187 | AS10: 42 | AT10: 6 | AU10: 43 | AV10: 115 | AY10: 47 | AZ10: 172 | BE10: 52 | BF10: 674 | BG10: 54 | BH10: 68 | BI10: 55 | BJ10: 189 | BK10: 57 | BL10: 94 | BO10: 62 | BP10: 30 | BS10: 64 | BT10: 40 | BY10: 73 | BZ10: 18 | CC10: 75 | CD10: 24 | CE10: 78 | CF10: 120 | CI10: 80 | CJ10: 43 | CK10: 81 | CL10: 185 | CM10: 82 | CN10: 123 | CO10: 83 | CP10: 44 | CQ10: 84 | CR10: 17 | CW10: 87 | CX10: 190
A11: 4 | B11: 66 | E11: 6 | F11: 61 | K11: 12 | L11: 61 | O11: 14 | P11: 70 | Q11: 15 | R11: 61 | S11: 16 | T11: 61 | U11: 17 | V11: 4 | AA11: 22 | AB11: 46 | AC11: 23 | AD11: 103 | AE11: 24 | AF11: 31 | AI11: 30 | AJ11: 5 | AM11: 33 | AN11: 40 | AQ11: 38 | AR11: 49 | AS11: 42 | AT11: 15 | BE11: 52 | BF11: 23 | BG11: 54 | BH11: 37 | BI11: 55 | BJ11: 144 | BK11: 57 | BL11: 23 | BO11: 62 | BP11: 26 | BS11: 64 | BT11: 29 | BY11: 73 | BZ11: 62 | CC11: 75 | CD11: 307 | CE11: 78 | CF11: 121 | CI11: 80 | CJ11: 28 | CM11: 82 | CN11: 134 | CO11: 83 | CP11: 134 | CQ11: 84 | CR11: 16 | CW11: 87 | CX11: 184
A12: 4 | B12: 92 | E12: 6 | F12: 61 | K12: 12 | L12: 25 | O12: 14 | P12: 19 | Q12: 15 | R12: 61 | S12: 16 | T12: 61 | U12: 17 | V12: 11 | AA12: 22 | AB12: 130 | AC12: 23 | AD12: 4 | AE12: 24 | AF12: 9 | AI12: 30 | AJ12: 50 | AM12: 33 | AN12: 30 | AQ12: 38 | AR12: 150 | AS12: 42 | AT12: 21 | BG12: 54 | BH12: 59 | BI12: 55 | BJ12: 60 | BK12: 57 | BL12: 31 | BO12: 62 | BP12: 35 | BS12: 64 | BT12: 10 | CC12: 75 | CD12: 464 | CE12: 78 | CF12: 131 | CI12: 80 | CJ12: 6 | CM12: 82 | CN12: 30 | CO12: 83 | CP12: 303 | CQ12: 84 | CR12: 13 | CW12: 87 | CX12: 9
E13: 6 | F13: 61 | K13: 12 | L13: 25 | O13: 14 | P13: 37 | Q13: 15 | R13: 61 | S13: 16 | T13: 61 | U13: 17 | V13: 16 | AA13: 22 | AB13: 218 | AC13: 23 | AD13: 277 | AI13: 30 | AJ13: 48 | AM13: 33 | AN13: 121 | AQ13: 38 | AR13: 200 | AS13: 42 | AT13: 12 | BG13: 54 | BH13: 7 | BK13: 57 | BL13: 14 | BO13: 62 | BP13: 82 | BS13: 64 | BT13: 9 | CC13: 75 | CD13: 68 | CE13: 78 | CF13: 56 | CI13: 80 | CJ13: 33 | CM13: 82 | CN13: 11 | CO13: 83 | CP13: 141 | CQ13: 84 | CR13: 16
E14: 6 | F14: 61 | K14: 12 | L14: 7 | O14: 14 | P14: 37 | Q14: 15 | R14: 61 | S14: 16 | T14: 61 | U14: 17 | V14: 11 | AA14: 22 | AB14: 160 | AC14: 23 | AD14: 12 | AI14: 30 | AJ14: 56 | AM14: 33 | AN14: 22 | AQ14: 38 | AR14: 89 | AS14: 42 | AT14: 150 | BG14: 54 | BH14: 44 | BK14: 57 | BL14: 203 | BO14: 62 | BP14: 17 | BS14: 64 | BT14: 51 | CC14: 75 | CD14: 25 | CE14: 78 | CF14: 126 | CI14: 80 | CJ14: 10 | CM14: 82 | CN14: 44 | CO14: 83 | CP14: 282 | CQ14: 84 | CR14: 233
E15: 6 | F15: 61 | K15: 12 | L15: 39 | O15: 14 | P15: 47 | Q15: 15 | R15: 61 | S15: 16 | T15: 61 | U15: 17 | V15: 10 | AA15: 22 | AB15: 22 | AI15: 30 | AJ15: 22 | AM15: 33 | AN15: 12 | AS15: 42 | AT15: 151 | BG15: 54 | BH15: 5 | BK15: 57 | BL15: 119 | BO15: 62 | BP15: 29 | BS15: 64 | BT15: 9 | CI15: 80 | CJ15: 39 | CM15: 82 | CN15: 10 | CO15: 83 | CP15: 144 | CQ15: 84 | CR15: 88
E16: 6 | F16: 61 | K16: 12 | L16: 70 | O16: 14 | P16: 36 | Q16: 15 | R16: 61 | S16: 16 | T16: 61 | U16: 17 | V16: 44 | AA16: 22 | AB16: 32 | AI16: 30 | AJ16: 82 | AM16: 33 | AN16: 11 | AS16: 42 | AT16: 152 | BG16: 54 | BH16: 71 | BO16: 62 | BP16: 116 | BS16: 64 | BT16: 17 | CI16: 80 | CJ16: 15 | CM16: 82 | CN16: 21 | CO16: 83 | CP16: 43 | CQ16: 84 | CR16: 18
E17: 6 | F17: 61 | O17: 14 | P17: 14 | Q17: 15 | R17: 61 | S17: 16 | T17: 61 | U17: 17 | V17: 64 | AA17: 22 | AB17: 13 | AM17: 33 | AN17: 16 | AS17: 42 | AT17: 106 | BG17: 54 | BH17: 46 | BO17: 62 | BP17: 24 | BS17: 64 | BT17: 10 | CI17: 80 | CJ17: 12 | CM17: 82 | CN17: 15 | CO17: 83 | CP17: 25 | CQ17: 84 | CR17: 340
E18: 6 | F18: 61 | O18: 14 | P18: 51 | Q18: 15 | R18: 61 | S18: 16 | T18: 61 | U18: 17 | V18: 69 | AA18: 22 | AB18: 123 | AM18: 33 | AN18: 8 | AS18: 42 | AT18: 136 | BG18: 54 | BH18: 21 | BO18: 62 | BP18: 35 | BS18: 64 | BT18: 12 | CI18: 80 | CJ18: 32 | CM18: 82 | CN18: 14 | CO18: 83 | CP18: 235 | CQ18: 84 | CR18: 14
E19: 6 | F19: 61 | O19: 14 | P19: 20 | Q19: 15 | R19: 61 | S19: 16 | T19: 61 | U19: 17 | V19: 104 | AA19: 22 | AB19: 114 | AM19: 33 | AN19: 10 | BG19: 54 | BH19: 11 | BO19: 62 | BP19: 18 | BS19: 64 | BT19: 12 | CI19: 80 | CJ19: 18 | CO19: 83 | CP19: 53 | CQ19: 84 | CR19: 26
E20: 6 | F20: 61 | O20: 14 | P20: 18 | Q20: 15 | R20: 61 | S20: 16 | T20: 61 | AA20: 22 | AB20: 78 | AM20: 33 | AN20: 9 | BG20: 54 | BH20: 15 | BO20: 62 | BP20: 27 | BS20: 64 | BT20: 67 | CI20: 80 | CJ20: 12 | CO20: 83 | CP20: 48 | CQ20: 84 | CR20: 22
E21: 6 | F21: 61 | O21: 14 | P21: 26 | Q21: 15 | R21: 61 | S21: 16 | T21: 61 | AM21: 33 | AN21: 11 | BG21: 54 | BH21: 40 | BO21: 62 | BP21: 21 | BS21: 64 | BT21: 16 | CI21: 80 | CJ21: 36 | CO21: 83 | CP21: 112 | CQ21: 84 | CR21: 11
E22: 6 | F22: 61 | O22: 14 | P22: 115 | Q22: 15 | R22: 61 | S22: 16 | T22: 61 | AM22: 33 | AN22: 15 | BG22: 54 | BH22: 19 | BO22: 62 | BP22: 43 | BS22: 64 | BT22: 20 | CI22: 80 | CJ22: 163 | CO22: 83 | CP22: 28 | CQ22: 84 | CR22: 28
E23: 6 | F23: 61 | O23: 14 | P23: 266 | Q23: 15 | R23: 61 | S23: 16 | T23: 61 | AM23: 33 | AN23: 14 | BG23: 54 | BH23: 51 | BO23: 62 | BP23: 28 | BS23: 64 | BT23: 28 | CI23: 80 | CJ23: 81 | CO23: 83 | CP23: 131 | CQ23: 84 | CR23: 31
E24: 6 | F24: 61 | O24: 14 | P24: 154 | Q24: 15 | R24: 61 | S24: 16 | T24: 61 | AM24: 33 | AN24: 14 | BG24: 54 | BH24: 544 | BO24: 62 | BP24: 101 | BS24: 64 | BT24: 19 | CI24: 80 | CJ24: 13 | CQ24: 84 | CR24: 598
E25: 6 | F25: 61 | O25: 14 | P25: 7 | Q25: 15 | R25: 61 | S25: 16 | T25: 61 | AM25: 33 | AN25: 14 | BG25: 54 | BH25: 6 | BO25: 62 | BP25: 44 | BS25: 64 | BT25: 9 | CQ25: 84 | CR25: 71
E26: 6 | F26: 61 | O26: 14 | P26: 11 | Q26: 15 | R26: 61 | S26: 16 | T26: 61 | AM26: 33 | AN26: 282 | BG26: 54 | BH26: 30 | BO26: 62 | BP26: 35 | BS26: 64 | BT26: 97 | CQ26: 84 | CR26: 10
O27: 14 | P27: 38 | Q27: 15 | R27: 61 | S27: 16 | T27: 61 | AM27: 33 | AN27: 17 | BG27: 54 | BH27: 6 | BO27: 62 | BP27: 36 | BS27: 64 | BT27: 306 | CQ27: 84 | CR27: 12
O28: 14 | P28: 17 | S28: 16 | T28: 61 | AM28: 33 | AN28: 28 | BG28: 54 | BH28: 7 | BO28: 62 | BP28: 33 | CQ28: 84 | CR28: 14
O29: 14 | P29: 353 | S29: 16 | T29: 61 | AM29: 33 | AN29: 14 | BG29: 54 | BH29: 36 | BO29: 62 | BP29: 61
O30: 14 | P30: 1809 | S30: 16 | T30: 61 | AM30: 33 | AN30: 45 | BG30: 54 | BH30: 73 | BO30: 62 | BP30: 33
O31: 14 | P31: 147 | S31: 16 | T31: 61 | AM31: 33 | AN31: 79 | BG31: 54 | BH31: 36 | BO31: 62 | BP31: 38
O32: 14 | P32: 245 | S32: 16 | T32: 61 | AM32: 33 | AN32: 207 | BG32: 54 | BH32: 36 | BO32: 62 | BP32: 40
O33: 14 | P33: 48 | S33: 16 | T33: 61 | AM33: 33 | AN33: 19 | BG33: 54 | BH33: 86 | BO33: 62 | BP33: 124
O34: 14 | P34: 48 | S34: 16 | T34: 61 | AM34: 33 | AN34: 9 | BG34: 54 | BH34: 35 | BO34: 62 | BP34: 14
S35: 16 | T35: 61 | AM35: 33 | AN35: 35 | BG35: 54 | BH35: 136 | BO35: 62 | BP35: 25
S36: 16 | T36: 21 | AM36: 33 | AN36: 23 | BG36: 54 | BH36: 24 | BO36: 62 | BP36: 15
S37: 16 | T37: 23 | AM37: 33 | AN37: 32 | BG37: 54 | BH37: 77 | BO37: 62 | BP37: 18
AM38: 33 | AN38: 32 | BG38: 54 | BH38: 98 | BO38: 62 | BP38: 25
A39: Average Time per Question | AM39: 33 | AN39: 49 | BG39: 54 | BH39: 47 | BO39: 62 | BP39: 12
A40: =AVERAGE(B1,D1,F1,H1,J1,L1+N1,P1,R1,T1+V1,X1,Z1,AB1,AD1,AF1,AH1,AJ1,AL1,AN1,AP1,AR1,AT1,AV1,AX1,AZ1,BB1,BD1+BF1,BH1,BJ1,BL1,BN1,BP1,BR1,BT1,BV1,BX1,BZ1,CB1,CD1,CF1,CH1,CJ1,CL1,CN1,CP1,CR1,CT1,CV1,CX1) -> 70.895833 | B40: =AVERAGE(A40:A57) -> 79.384181 | AM40: 33 | AN40: 26 | BG40: 54 | BH40: 40 | BO40: 62 | BP40: 16
A41: =AVERAGE(B2,D2,F2,H2,J2,L2+N2,P2,R2,T2+V2,X2,Z2,AB2,AD2,AF2,AH2,AJ2,AL2,AN2,AP2,AR2,AT2,AV2,AX2,AZ2,BB2,BD2+BF2,BH2,BJ2,BL2,BN2,BP2,BR2,BT2,BV2,BX2,BZ2,CB2,CD2,CF2,CH2,CJ2,CL2,CN2,CP2,CR2,CT2,CV2,CX2) -> 89.73913 | AM41: 33 | AN41: 20 | BG41: 54 | BH41: 92 | BO41: 62 | BP41: 43
A42: =AVERAGE(B3,D3,F3,H3,J3,L3+N3,P3,R3,T3+V3,X3,Z3,AB3,AD3,AF3,AH3,AJ3,AL3,AN3,AP3,AR3,AT3,AV3,AX3,AZ3,BB3,BD3+BF3,BH3,BJ3,BL3,BN3,BP3,BR3,BT3,BV3,BX3,BZ3,CB3,CD3,CF3,CH3,CJ3,CL3,CN3,CP3,CR3,CT3,CV3,CX3) -> 185.78261 | AM42: 33 | AN42: 9 | BG42: 54 | BH42: 155 | BO42: 62 | BP42: 11
A43: =AVERAGE(B4,D4,F4,H4,J4,L4+N4,P4,R4,T4+V4,X4,Z4,AB4,AD4,AF4,AH4,AJ4,AL4,AN4,AP4,AR4,AT4,AV4,AX4,AZ4,BB4,BD4+BF4,BH4,BJ4,BL4,BN4,BP4,BR4,BT4,BV4,BX4,BZ4,CB4,CD4,CF4,CH4,CJ4,CL4,CN4,CP4,CR4,CT4,CV4,CX4) -> 71.913043 | AM43: 33 | AN43: 14 | BG43: 54 | BH43: 4
A44: =AVERAGE(B5,D5,F5,H5,J5,L5+N5,P5,R5,T5+V5,X5,Z5,AB5,AD5,AF5,AH5,AJ5,AL5,AN5,AP5,AR5,AT5,AV5,AX5,AZ5,BB5,BD5+BF5,BH5,BJ5,BL5,BN5,BP5,BR5,BT5,BV5,BX5,BZ5,CB5,CD5,CF5,CH5,CJ5,CL5,CN5,CP5,CR5,CT5,CV5,CX5) -> 70.790698 | AM44: 33 | AN44: 157 | BG44: 54 | BH44: 46
A45: =AVERAGE(B6,D6,F6,H6,J6,L6+N6,P6,R6,T6+V6,X6,Z6,AB6,AD6,AF6,AH6,AJ6,AL6,AN6,AP6,AR6,AT6,AV6,AX6,AZ6,BB6,BD6+BF6,BH6,BJ6,BL6,BN6,BP6,BR6,BT6,BV6,BX6,BZ6,CB6,CD6,CF6,CH6,CJ6,CL6,CN6,CP6,CR6,CT6,CV6,CX6) -> 78.769231 | AM45: 33 | AN45: 25 | BG45: 54 | BH45: 20
A46: =AVERAGE(B7,D7,F7,H7,J7,L7+N7,P7,R7,T7+V7,X7,Z7,AB7,AD7,AF7,AH7,AJ7,AL7,AN7,AP7,AR7,AT7,AV7,AX7,AZ7,BB7,BD7+BF7,BH7,BJ7,BL7,BN7,BP7,BR7,BT7,BV7,BX7,BZ7,CB7,CD7,CF7,CH7,CJ7,CL7,CN7,CP7,CR7,CT7,CV7,CX7) -> 88.676471 | AM46: 33 | AN46: 87 | BG46: 54 | BH46: 52
A47: =AVERAGE(B8,D8,F8,H8,J8,L8+N8,P8,R8,T8+V8,X8,Z8,AB8,AD8,AF8,AH8,AJ8,AL8,AN8,AP8,AR8,AT8,AV8,AX8,AZ8,BB8,BD8+BF8,BH8,BJ8,BL8,BN8,BP8,BR8,BT8,BV8,BX8,BZ8,CB8,CD8,CF8,CH8,CJ8,CL8,CN8,CP8,CR8,CT8,CV8,CX8) -> 82.78125 | AM47: 33 | AN47: 20 | BG47: 54 | BH47: 94
A48: =AVERAGE(B9,D9,F9,H9,J9,L9+N9,P9,R9,T9+V9,X9,Z9,AB9,AD9,AF9,AH9,AJ9,AL9,AN9,AP9,AR9,AT9,AV9,AX9,AZ9,BB9,BD9+BF9,BH9,BJ9,BL9,BN9,BP9,BR9,BT9,BV9,BX9,BZ9,CB9,CD9,CF9,CH9,CJ9,CL9,CN9,CP9,CR9,CT9,CV9,CX9) -> 80.064516 | AM48: 33 | AN48: 12 | BG48: 54 | BH48: 4
A49: =AVERAGE(B10,D10,F10,H10,J10,L10+N10,P10,R10,T10+V10,X10,Z10,AB10,AD10,AF10,AH10,AJ10,AL10,AN10,AP10,AR10,AT10,AV10,AX10,AZ10,BB10,BD10+BF10,BH10,BJ10,BL10,BN10,BP10,BR10,BT10,BV10,BX10,BZ10,CB10,CD10,CF10,CH10,CJ10,CL10,CN10,CP10,CR10,CT10,CV10,CX10) -> 96.1 | AM49: 33 | AN49: 14 | BG49: 54 | BH49: 24
A50: =AVERAGE(B11,D11,F11,H11,J11,L11+N11,P11,R11,T11+V11,X11,Z11,AB11,AD11,AF11,AH11,AJ11,AL11,AN11,AP11,AR11,AT11,AV11,AX11,AZ11,BB11,BD11+BF11,BH11,BJ11,BL11,BN11,BP11,BR11,BT11,BV11,BX11,BZ11,CB11,CD11,CF11,CH11,CJ11,CL11,CN11,CP11,CR11,CT11,CV11,CX11) -> 71.888889 | AM50: 33 | AN50: 35 | BG50: 54 | BH50: 5
A51: =AVERAGE(B12,D12,F12,H12,J12,L12+N12,P12,R12,T12+V12,X12,Z12,AB12,AD12,AF12,AH12,AJ12,AL12,AN12,AP12,AR12,AT12,AV12,AX12,AZ12,BB12,BD12+BF12,BH12,BJ12,BL12,BN12,BP12,BR12,BT12,BV12,BX12,BZ12,CB12,CD12,CF12,CH12,CJ12,CL12,CN12,CP12,CR12,CT12,CV12,CX12) -> 72.115385 | AM51: 33 | AN51: 28 | BG51: 54 | BH51: 11
A52: =AVERAGE(B13,D13,F13,H13,J13,L13+N13,P13,R13,T13+V13,X13,Z13,AB13,AD13,AF13,AH13,AJ13,AL13,AN13,AP13,AR13,AT13,AV13,AX13,AZ13,BB13,BD13+BF13,BH13,BJ13,BL13,BN13,BP13,BR13,BT13,BV13,BX13,BZ13,CB13,CD13,CF13,CH13,CJ13,CL13,CN13,CP13,CR13,CT13,CV13,CX13) -> 71.545455 | AM52: 33 | AN52: 35 | BG52: 54 | BH52: 4
A53: =AVERAGE(B14,D14,F14,H14,J14,L14+N14,P14,R14,T14+V14,X14,Z14,AB14,AD14,AF14,AH14,AJ14,AL14,AN14,AP14,AR14,AT14,AV14,AX14,AZ14,BB14,BD14+BF14,BH14,BJ14,BL14,BN14,BP14,BR14,BT14,BV14,BX14,BZ14,CB14,CD14,CF14,CH14,CJ14,CL14,CN14,CP14,CR14,CT14,CV14,CX14) -> 80.090909 | AM53: 33 | AN53: 124 | BG53: 54 | BH53: 55
A54: =AVERAGE(B15,D15,F15,H15,J15,L15+N15,P15,R15,T15+V15,X15,Z15,AB15,AD15,AF15,AH15,AJ15,AL15,AN15,AP15,AR15,AT15,AV15,AX15,AZ15,BB15,BD15+BF15,BH15,BJ15,BL15,BN15,BP15,BR15,BT15,BV15,BX15,BZ15,CB15,CD15,CF15,CH15,CJ15,CL15,CN15,CP15,CR15,CT15,CV15,CX15) -> 51.611111 | AM54: 33 | AN54: 23 | BG54: 54 | BH54: 3
A55: =AVERAGE(B16,D16,F16,H16,J16,L16+N16,P16,R16,T16+V16,X16,Z16,AB16,AD16,AF16,AH16,AJ16,AL16,AN16,AP16,AR16,AT16,AV16,AX16,AZ16,BB16,BD16+BF16,BH16,BJ16,BL16,BN16,BP16,BR16,BT16,BV16,BX16,BZ16,CB16,CD16,CF16,CH16,CJ16,CL16,CN16,CP16,CR16,CT16,CV16,CX16) -> 53.588235 | AM55: 33 | AN55: 70 | BG55: 54 | BH55: 183
A56: =AVERAGE(B17,D17,F17,H17,J17,L17+N17,P17,R17,T17+V17,X17,Z17,AB17,AD17,AF17,AH17,AJ17,AL17,AN17,AP17,AR17,AT17,AV17,AX17,AZ17,BB17,BD17+BF17,BH17,BJ17,BL17,BN17,BP17,BR17,BT17,BV17,BX17,BZ17,CB17,CD17,CF17,CH17,CJ17,CL17,CN17,CP17,CR17,CT17,CV17,CX17) -> 54.25 | AM56: 33 | AN56: 128
A57: =AVERAGE(B18,D18,F18,H18,J18,L18+N18,P18,R18,T18+V18,X18,Z18,AB18,AD18,AF18,AH18,AJ18,AL18,AN18,AP18,AR18,AT18,AV18,AX18,AZ18,BB18,BD18+BF18,BH18,BJ18,BL18,BN18,BP18,BR18,BT18,BV18,BX18,BZ18,CB18,CD18,CF18,CH18,CJ18,CL18,CN18,CP18,CR18,CT18,CV18,CX18) -> 58.3125 | AM57: 33 | AN57: 30
A58: =AVERAGE(B19,D19,F19,H19,J19,L19+N19,P19,R19,T19+V19,X19,Z19,AB19,AD19,AF19,AH19,AJ19,AL19,AN19,AP19,AR19,AT19,AV19,AX19,AZ19,BB19,BD19+BF19,BH19,BJ19,BL19,BN19,BP19,BR19,BT19,BV19,BX19,BZ19,CB19,CD19,CF19,CH19,CJ19,CL19,CN19,CP19,CR19,CT19,CV19,CX19) -> 40.642857 | AM58: 33 | AN58: 88
A59: =AVERAGE(B20,D20,F20,H20,J20,L20+N20,P20,R20,T20+V20,X20,Z20,AB20,AD20,AF20,AH20,AJ20,AL20,AN20,AP20,AR20,AT20,AV20,AX20,AZ20,BB20,BD20+BF20,BH20,BJ20,BL20,BN20,BP20,BR20,BT20,BV20,BX20,BZ20,CB20,CD20,CF20,CH20,CJ20,CL20,CN20,CP20,CR20,CT20,CV20,CX20) -> 34.214286 | AM59: 33 | AN59: 39
A60: =AVERAGE(B21,D21,F21,H21,J21,L21+N21,P21,R21,T21+V21,X21,Z21,AB21,AD21,AF21,AH21,AJ21,AL21,AN21,AP21,AR21,AT21,AV21,AX21,AZ21,BB21,BD21+BF21,BH21,BJ21,BL21,BN21,BP21,BR21,BT21,BV21,BX21,BZ21,CB21,CD21,CF21,CH21,CJ21,CL21,CN21,CP21,CR21,CT21,CV21,CX21) -> 35.076923 | AM60: 33 | AN60: 38
A61: =AVERAGE(B22,D22,F22,H22,J22,L22+N22,P22,R22,T22+V22,X22,Z22,AB22,AD22,AF22,AH22,AJ22,AL22,AN22,AP22,AR22,AT22,AV22,AX22,AZ22,BB22,BD22+BF22,BH22,BJ22,BL22,BN22,BP22,BR22,BT22,BV22,BX22,BZ22,CB22,CD22,CF22,CH22,CJ22,CL22,CN22,CP22,CR22,CT22,CV22,CX22) -> 47.230769 | AM61: 33 | AN61: 32
A62: =AVERAGE(B23,D23,F23,H23,J23,L23+N23,P23,R23,T23+V23,X23,Z23,AB23,AD23,AF23,AH23,AJ23,AL23,AN23,AP23,AR23,AT23,AV23,AX23,AZ23,BB23,BD23+BF23,BH23,BJ23,BL23,BN23,BP23,BR23,BT23,BV23,BX23,BZ23,CB23,CD23,CF23,CH23,CJ23,CL23,CN23,CP23,CR23,CT23,CV23,CX23) -> 62.538462 | AM62: 33 | AN62: 140
A63: =AVERAGE(B24,D24,F24,H24,J24,L24+N24,P24,R24,T24+V24,X24,Z24,AB24,AD24,AF24,AH24,AJ24,AL24,AN24,AP24,AR24,AT24,AV24,AX24,AZ24,BB24,BD24+BF24,BH24,BJ24,BL24,BN24,BP24,BR24,BT24,BV24,BX24,BZ24,CB24,CD24,CF24,CH24,CJ24,CL24,CN24,CP24,CR24,CT24,CV24,CX24) -> 135.5 | AM63: 33 | AN63: 55
A64: =AVERAGE(B25,D25,F25,H25,J25,L25+N25,P25,R25,T25+V25,X25,Z25,AB25,AD25,AF25,AH25,AJ25,AL25,AN25,AP25,AR25,AT25,AV25,AX25,AZ25,BB25,BD25+BF25,BH25,BJ25,BL25,BN25,BP25,BR25,BT25,BV25,BX25,BZ25,CB25,CD25,CF25,CH25,CJ25,CL25,CN25,CP25,CR25,CT25,CV25,CX25) -> 30.363636 | AM64: 33 | AN64: 18
A65: =AVERAGE(B26,D26,F26,H26,J26,L26+N26,P26,R26,T26+V26,X26,Z26,AB26,AD26,AF26,AH26,AJ26,AL26,AN26,AP26,AR26,AT26,AV26,AX26,AZ26,BB26,BD26+BF26,BH26,BJ26,BL26,BN26,BP26,BR26,BT26,BV26,BX26,BZ26,CB26,CD26,CF26,CH26,CJ26,CL26,CN26,CP26,CR26,CT26,CV26,CX26) -> 58.909091
A66: =AVERAGE(B27,D27,F27,H27,J27,L27+N27,P27,R27,T27+V27,X27,Z27,AB27,AD27,AF27,AH27,AJ27,AL27,AN27,AP27,AR27,AT27,AV27,AX27,AZ27,BB27,BD27+BF27,BH27,BJ27,BL27,BN27,BP27,BR27,BT27,BV27,BX27,BZ27,CB27,CD27,CF27,CH27,CJ27,CL27,CN27,CP27,CR27,CT27,CV27,CX27) -> 53.7
A67: =AVERAGE(B28,D28,F28,H28,J28,L28+N28,P28,R28,T28+V28,X28,Z28,AB28,AD28,AF28,AH28,AJ28,AL28,AN28,AP28,AR28,AT28,AV28,AX28,AZ28,BB28,BD28+BF28,BH28,BJ28,BL28,BN28,BP28,BR28,BT28,BV28,BX28,BZ28,CB28,CD28,CF28,CH28,CJ28,CL28,CN28,CP28,CR28,CT28,CV28,CX28) -> 20
A68: =AVERAGE(B29,D29,F29,H29,J29,L29+N29,P29,R29,T29+V29,X29,Z29,AB29,AD29,AF29,AH29,AJ29,AL29,AN29,AP29,AR29,AT29,AV29,AX29,AZ29,BB29,BD29+BF29,BH29,BJ29,BL29,BN29,BP29,BR29,BT29,BV29,BX29,BZ29,CB29,CD29,CF29,CH29,CJ29,CL29,CN29,CP29,CR29,CT29,CV29,CX29) -> 75
A69: =AVERAGE(B30,D30,F30,H30,J30,L30+N30,P30,R30,T30+V30,X30,Z30,AB30,AD30,AF30,AH30,AJ30,AL30,AN30,AP30,AR30,AT30,AV30,AX30,AZ30,BB30,BD30+BF30,BH30,BJ30,BL30,BN30,BP30,BR30,BT30,BV30,BX30,BZ30,CB30,CD30,CF30,CH30,CJ30,CL30,CN30,CP30,CR30,CT30,CV30,CX30) -> 288.71429
A70: =AVERAGE(B31,D31,F31,H31,J31,L31+N31,P31,R31,T31+V31,X31,Z31,AB31,AD31,AF31,AH31,AJ31,AL31,AN31,AP31,AR31,AT31,AV31,AX31,AZ31,BB31,BD31+BF31,BH31,BJ31,BL31,BN31,BP31,BR31,BT31,BV31,BX31,BZ31,CB31,CD31,CF31,CH31,CJ31,CL31,CN31,CP31,CR31,CT31,CV31,CX31) -> 51.571429

Sheet Errors with Time
A1: 4 | B1: 1 | C1: 0 | D1: 0 | E1: 0 | F1: 1 | G1: 0 | H1: 0 | I1: 3 | J1: 2 | K1: 0 | L1: 0 | M1: 0 | N1: 1 | O1: 0 | P1: 0 | Q1: 1 | R1: 1 | S1: 0 | T1: 0 | U1: 1 | V1: 0 | W1: 1
A2: 5 | B2: 0 | C2: 0 | D2: 0 | E2: 0 | F2: 0 | G2: 0 | H2: 0 | I2: 0 | J2: 1
A3: 6 | B3: 0 | C3: 0 | D3: 0 | E3: 0 | F3: 0 | G3: 0 | H3: 0 | I3: 0 | J3: 0 | K3: 0 | L3: 0 | M3: 0 | N3: 4 | O3: 0 | S3: 0 | T3: 0 | U3: 4 | V3: 1 | W3: 0
A4: 8 | B4: 0 | C4: 0 | D4: 0 | E4: 0 | F4: 0 | G4: 0 | H4: 0 | I4: 1 | J4: 1 | K4: 0 | L4: 0 | M4: 0 | N4: 0 | O4: 0 | P4: 0 | Q4: 0 | R4: 0 | S4: 0 | U4: 0 | W4: 0
A5: 11 | B5: 0 | C5: 0 | D5: 0 | E5: 0 | F5: 0 | G5: 0 | H5: 0 | I5: 0 | J5: 0 | K5: 0 | L5: 0 | M5: 0 | N5: 1 | O5: 1 | P5: 1 | Q5: 2 | R5: 0 | S5: 0 | T5: 1 | U5: 0 | V5: 0 | W5: 0
A6: 12 | B6: 0 | C6: 0 | D6: 0 | E6: 0 | F6: 0 | G6: 0 | H6: 0 | I6: 0 | J6: 0 | K6: 0 | L6: 0 | M6: 0 | N6: 6 | O6: 4 | P6: 0 | Q6: 5 | R6: 0 | S6: 0 | T6: 0 | U6: 0 | V6: 0 | W6: 0
A7: 13 | B7: 0 | C7: 0 | D7: 1 | E7: 0 | F7: 1 | G7: 0 | H7: 0 | I7: 0 | J7: 0 | K7: 0 | L7: 0 | M7: 0 | N7: 5 | O7: 1 | P7: 0 | Q7: 0 | R7: 0 | S7: 0
A8: 14 | B8: 4 | C8: 0 | D8: 1 | E8: 0 | F8: 8 | G8: 1 | H8: 4 | I8: 1 | J8: 0 | K8: 0 | L8: 0 | M8: 0 | N8: 2 | P8: 3 | Q8: 1 | R8: 0 | S8: 0 | T8: 0 | U8: 0 | V8: 2 | W8: 2
A9: 15 | B9: 0 | C9: 0 | D9: 0 | E9: 0 | F9: 0 | G9: 0 | H9: 1 | I9: 0 | J9: 0 | K9: 0 | L9: 0 | M9: 0 | P9: 0 | S9: 0
A10: 16 | B10: 0 | C10: 0 | D10: 0 | E10: 0 | F10: 3 | G10: 0 | H10: 0 | I10: 0 | J10: 0 | K10: 0 | L10: 0 | M10: 0 | N10: 10 | O10: 1 | P10: 1 | S10: 0 | T10: 2 | V10: 0 | W10: 1
A11: 17 | B11: 0 | C11: 0 | D11: 1 | E11: 0 | F11: 2 | G11: 0 | H11: 0 | I11: 0 | J11: 0 | K11: 0 | L11: 0 | M11: 0 | N11: 12 | O11: 0 | P11: 0 | Q11: 0 | R11: 0 | S11: 0 | T11: 0 | U11: 3 | V11: 1
A12: 19 | B12: 0 | C12: 0 | D12: 0 | E12: 0 | F12: 0 | G12: 0 | H12: 0 | I12: 0 | J12: 0 | K12: 0 | L12: 0 | M12: 0 | P12: 0 | Q12: 1 | S12: 0
A13: 20 | B13: 0 | C13: 0 | D13: 0 | E13: 0 | F13: 0 | G13: 0 | H13: 0 | I13: 0 | J13: 1 | K13: 0 | L13: 0 | M13: 0 | O13: 0 | P13: 0 | Q13: 1 | R13: 2 | S13: 0 | T13: 0 | U13: 1 | V13: 0 | W13: 0
A14: 22 | B14: 0 | C14: 0 | D14: 2 | E14: 0 | F14: 1 | G14: 0 | H14: 0 | I14: 1 | J14: 0 | K14: 0 | L14: 0 | M14: 0 | N14: 7 | O14: 2 | P14: 0 | Q14: 1 | R14: 0 | S14: 0 | T14: 1 | U14: 1 | V14: 1 | W14: 0
A15: 23 | B15: 0 | C15: 0 | D15: 0 | E15: 0 | F15: 0 | G15: 0 | H15: 0 | I15: 0 | J15: 0 | K15: 0 | L15: 0 | M15: 0 | N15: 3 | O15: 2 | P15: 2 | Q15: 0 | R15: 0 | S15: 0 | T15: 0 | U15: 4 | V15: 0
A16: 24 | B16: 1 | C16: 0 | D16: 0 | E16: 0 | F16: 0 | G16: 0 | H16: 0 | I16: 0 | J16: 0 | K16: 0 | L16: 0 | M16: 0 | N16: 2 | O16: 3 | P16: 2 | Q16: 1 | R16: 3 | S16: 0 | T16: 0 | U16: 0
A17: 27 | B17: 0 | C17: 0 | E17: 0 | F17: 0 | G17: 0 | H17: 0 | I17: 0 | J17: 1 | K17: 0 | L17: 0 | M17: 0 | O17: 0 | P17: 0 | Q17: 2 | R17: 1 | S17: 0 | T17: 0 | U17: 0 | W17: 0
A18: 28 | K18: 0
A19: 30 | B19: 0 | C19: 0 | D19: 0 | E19: 0 | F19: 0 | G19: 0 | H19: 0 | I19: 4 | J19: 0 | K19: 0 | L19: 0 | M19: 0 | N19: 1 | O19: 1 | P19: 0 | Q19: 0 | R19: 5 | S19: 0 | T19: 1 | U19: 1 | V19: 0 | W19: 2
A20: 32 | B20: 0 | C20: 0 | D20: 0 | E20: 0 | F20: 0 | G20: 0 | H20: 1 | I20: 0 | J20: 0 | K20: 0 | L20: 0 | M20: 0 | N20: 4 | O20: 0 | P20: 0 | Q20: 0 | R20: 0 | S20: 0 | U20: 1 | W20: 0
A21: 33 | B21: 0 | D21: 1 | E21: 0 | F21: 1 | G21: 0 | H21: 7 | I21: 17 | J21: 0 | K21: 0 | L21: 0 | M21: 0 | N21: 0 | O21: 0 | P21: 8 | Q21: 0 | R21: 0 | S21: 0 | U21: 0
A22: 36 | B22: 0 | C22: 0 | D22: 1 | E22: 0 | F22: 1 | G22: 0 | H22: 0 | I22: 0 | J22: 0 | K22: 0 | L22: 0 | M22: 0 | N22: 0 | O22: 1 | P22: 0 | Q22: 0 | R22: 0 | S22: 0 | U22: 0 | V22: 0
A23: 38 | B23: 0 | C23: 0 | D23: 0 | E23: 0 | F23: 3 | G23: 0 | H23: 0 | I23: 0 | J23: 0 | K23: 0 | L23: 0 | M23: 0 | N23: 1 | O23: 0 | P23: 3 | Q23: 1 | R23: 0 | S23: 0 | T23: 0 | U23: 4 | V23: 0 | W23: 0
A24: 42 | B24: 0 | C24: 0 | D24: 1 | E24: 0 | F24: 1 | G24: 0 | H24: 0 | I24: 0 | J24: 1 | K24: 0 | L24: 0 | M24: 0 | N24: 7 | O24: 0 | Q24: 0 | R24: 0 | S24: 0 | W24: 0
A25: 43 | B25: 0 | C25: 1 | D25: 1 | E25: 0 | F25: 0 | G25: 0 | H25: 0 | I25: 0 | J25: 0 | K25: 0 | L25: 0 | M25: 0 | N25: 1 | O25: 0 | P25: 0 | Q25: 0 | R25: 0 | S25: 0 | T25: 0 | U25: 1 | V25: 2 | W25: 0
A26: 45 | B26: 0 | C26: 0 | D26: 0 | E26: 0 | F26: 2 | G26: 0 | H26: 0 | I26: 0 | J26: 0 | K26: 0 | L26: 0 | M26: 0 | N26: 0 | O26: 1 | P26: 0 | Q26: 0 | R26: 0 | S26: 0 | T26: 0 | U26: 0
A27: 47 | B27: 0 | C27: 0 | D27: 0 | E27: 0 | F27: 1 | G27: 0 | H27: 0 | I27: 0 | J27: 0 | K27: 0 | L27: 0 | M27: 0 | N27: 5 | O27: 1 | P27: 0 | Q27: 0 | R27: 0 | S27: 0 | T27: 0
A28: 48 | B28: 0 | C28: 0 | D28: 0 | E28: 0 | F28: 0 | G28: 0 | H28: 0 | I28: 0 | J28: 0 | K28: 0 | L28: 0 | M28: 0 | N28: 0 | O28: 0 | P28: 0 | Q28: 0 | R28: 0 | S28: 0 | T28: 1 | U28: 3 | V28: 0 | W28: 1
A29: 49 | B29: 0 | C29: 0 | D29: 3 | E29: 0 | F29: 1 | G29: 0 | H29: 0 | I29: 0 | J29: 1 | K29: 0 | L29: 0 | M29: 0 | N29: 0 | O29: 0 | P29: 0 | Q29: 0 | R29: 0 | S29: 0 | T29: 1 | U29: 1 | V29: 0 | W29: 0
A30: 52 | B30: 0 | C30: 0 | D30: 0 | E30: 0 | F30: 5 | G30: 0 | H30: 0 | I30: 0 | J30: 0 | K30: 0 | L30: 0 | M30: 0 | N30: 6 | O30: 0 | P30: 0 | Q30: 0 | R30: 0 | S30: 0 | T30: 0 | U30: 0 | V30: 0 | W30: 0
A31: 54 | B31: 0 | C31: 0 | D31: 4 | E31: 1 | F31: 3 | G31: 0 | H31: 0 | I31: 1 | J31: 2 | K31: 0 | L31: 0 | M31: 0 | N31: 4 | O31: 2 | P31: 22 | Q31: 0 | R31: 2 | S31: 0 | T31: 0 | U31: 3 | V31: 0 | W31: 7
A32: 55 | B32: 0 | C32: 0 | D32: 1 | E32: 0 | F32: 1 | G32: 0 | H32: 0 | I32: 0 | J32: 1 | K32: 0 | L32: 0 | M32: 0 | N32: 1 | O32: 0 | P32: 0 | Q32: 0 | R32: 0 | S32: 0 | T32: 0 | U32: 3 | V32: 0 | W32: 2
A33: 57 | B33: 1 | C33: 0 | D33: 0 | E33: 0 | F33: 0 | G33: 0 | H33: 0 | I33: 0 | J33: 0 | K33: 0 | L33: 0 | M33: 0 | N33: 5 | O33: 2 | P33: 0 | Q33: 0 | S33: 0 | T33: 0 | U33: 0 | V33: 0
A34: 58 | B34: 0 | C34: 0 | D34: 0 | E34: 0 | F34: 0 | G34: 0 | H34: 0 | I34: 1 | J34: 0 | K34: 0 | L34: 0 | M34: 0 | N34: 0 | O34: 2 | P34: 2 | Q34: 0 | R34: 0 | S34: 0 | T34: 1 | U34: 0 | V34: 0 | W34: 0
A35: 62 | B35: 0 | C35: 1 | D35: 2 | E35: 0 | G35: 0 | K35: 0 | L35: 0 | M35: 0 | N35: 0 | O35: 0 | P35: 0 | Q35: 0 | R35: 2 | S35: 0 | T35: 0 | U35: 0 | V35: 0 | W35: 0
A36: 63 | B36: 1 | C36: 0 | D36: 0 | E36: 0 | F36: 0 | G36: 1 | H36: 0 | I36: 0 | J36: 0 | K36: 0 | L36: 0 | M36: 0 | N36: 0 | O36: 0 | P36: 0 | Q36: 0 | R36: 0 | S36: 0 | T36: 0 | V36: 0
A37: 64 | B37: 0 | C37: 0 | D37: 5 | E37: 0 | G37: 1 | H37: 0 | I37: 3 | J37: 0 | K37: 0 | L37: 0 | M37: 0 | N37: 3 | O37: 0 | P37: 0 | Q37: 2 | R37: 0 | S37: 0 | T37: 0 | U37: 7 | W37: 1
A38: 65 | B38: 0 | C38: 0 | D38: 0 | E38: 0 | F38: 0 | G38: 0 | H38: 0 | I38: 1 | J38: 0 | K38: 0 | L38: 0 | M38: 0 | N38: 0 | O38: 0 | P38: 0 | Q38: 0 | R38: 0 | S38: 0 | T38: 0 | U38: 0
A39: 68 | B39: 0 | C39: 0 | D39: 0 | E39: 0 | F39: 0 | G39: 0 | H39: 0 | I39: 0 | J39: 0 | K39: 0 | L39: 0 | M39: 0 | N39: 1 | O39: 1 | P39: 0 | Q39: 1 | R39: 0 | S39: 0 | T39: 0 | U39: 0 | V39: 0 | W39: 0
A40: 73 | B40: 0 | C40: 1 | D40: 1 | E40: 0 | G40: 0 | H40: 0 | I40: 0 | J40: 0 | K40: 0 | L40: 0 | M40: 0 | N40: 3 | O40: 0 | P40: 0 | Q40: 0 | R40: 0 | S40: 0 | T40: 2 | V40: 0 | W40: 0
A41: 74 | B41: 0 | C41: 0 | D41: 0 | E41: 0 | F41: 0 | G41: 0 | H41: 0 | I41: 1 | J41: 0 | K41: 0 | L41: 0 | M41: 0 | N41: 0 | O41: 0 | P41: 0 | Q41: 0 | R41: 0 | S41: 0 | T41: 0 | U41: 0 | V41: 0 | W41: 0
A42: 75 | B42: 0 | C42: 0 | D42: 0 | E42: 0 | F42: 0 | G42: 0 | H42: 0 | I42: 0 | J42: 1 | K42: 0 | L42: 0 | M42: 0 | O42: 0 | P42: 5 | Q42: 0 | R42: 0 | T42: 2 | U42: 1 | V42: 0 | W42: 0
A43: 78 | B43: 0 | C43: 1 | D43: 1 | E43: 0 | F43: 3 | G43: 0 | H43: 0 | I43: 0 | J43: 0 | K43: 0 | L43: 0 | M43: 0 | N43: 1 | O43: 0 | P43: 3 | Q43: 0 | R43: 0 | S43: 0 | T43: 0 | U43: 4 | V43: 0 | W43: 0
A44: 79 | B44: 0 | C44: 0 | D44: 0 | E44: 0 | F44: 1 | G44: 0 | H44: 0 | I44: 0 | J44: 0 | K44: 0 | L44: 1 | M44: 0 | N44: 3 | O44: 0 | P44: 0 | Q44: 0 | R44: 0 | S44: 0 | T44: 0 | U44: 0 | V44: 0 | W44: 0
A45: 80 | B45: 0 | C45: 4 | D45: 0 | E45: 0 | F45: 1 | G45: 1 | H45: 0 | I45: 2 | J45: 0 | K45: 0 | L45: 0 | M45: 0 | N45: 2 | O45: 1 | Q45: 1 | R45: 0 | S45: 0 | T45: 1 | U45: 1 | V45: 0 | W45: 0
A46: 81 | B46: 0 | C46: 0 | D46: 0 | E46: 0 | F46: 0 | G46: 0 | H46: 1 | I46: 0 | J46: 0 | K46: 0 | L46: 0 | M46: 0 | N46: 4 | O46: 1 | P46: 0 | Q46: 0 | R46: 0 | S46: 0 | T46: 1 | U46: 1 | V46: 0 | W46: 0
A47: 82 | B47: 0 | C47: 0 | D47: 0 | E47: 0 | F47: 0 | G47: 0 | H47: 2 | I47: 1 | J47: 0 | K47: 0 | L47: 0 | M47: 0 | N47: 9 | O47: 0 | P47: 0 | Q47: 0 | R47: 0 | S47: 0 | U47: 0
A48: 83 | B48: 0 | C48: 0 | D48: 4 | E48: 0 | F48: 0 | G48: 0 | H48: 1 | I48: 0 | J48: 2 | K48: 0 | L48: 0 | M48: 0 | N48: 0 | O48: 0 | P48: 0 | Q48: 1 | R48: 1 | S48: 0 | T48: 2 | U48: 4 | V48: 0
A49: 84 | B49: 0 | C49: 1 | D49: 2 | F49: 1 | G49: 2 | H49: 0 | I49: 0 | J49: 0 | K49: 0 | L49: 0 | M49: 0 | O49: 1 | Q49: 0 | R49: 0 | S49: 0 | T49: 1 | U49: 0 | V49: 0 | W49: 2
A50: 85 | B50: 0 | C50: 0 | D50: 0 | E50: 0 | F50: 0 | G50: 0 | H50: 0 | I50: 1 | J50: 0 | K50: 0 | L50: 0 | M50: 0 | N50: 3 | O50: 1 | P50: 0 | Q50: 0 | R50: 0 | S50: 0 | T50: 0 | U50: 0 | V50: 0 | W50: 2
A51: 86 | B51: 0 | C51: 0 | D51: 0 | E51: 0 | F51: 1 | G51: 0 | H51: 0 | I51: 0 | J51: 1 | K51: 0 | L51: 0 | M51: 0 | N51: 0 | O51: 0 | P51: 0 | Q51: 0 | R51: 0 | S51: 0 | T51: 0 | W51: 0
A52: 87 | D52: 0 | E52: 0 | F52: 0 | G52: 0 | H52: 0 | I52: 0 | J52: 0 | K52: 0 | L52: 0 | M52: 0 | N52: 0 | O52: 0 | P52: 0 | Q52: 0 | R52: 0 | S52: 6 | T52: 0 | U52: 0 | V52: 0 | W52: 2 | X52: 2 | Y52: 0
B53: =B54+1 -> 1.16 | C53: =C54+1 -> 1.1836735 | D53: =D54+1 -> 1.64 | E53: =E54+1 -> 1.02 | F53: =F54+1 -> 1.875 | G53: =G54+1 -> 1.1176471 | H53: =H54+1 -> 1.34 | I53: =I54+1 -> 1.76 | ... Y53: =Y54+1 -> 1
B54: =AVERAGE(B1:B52) -> 0.16 | C54: =AVERAGE(C1:C52) -> 0.18367347 | D54: =AVERAGE(D1:D52) -> 0.64 | E54: =AVERAGE(E1:E52) -> 0.02 | F54: =AVERAGE(F1:F52) -> 0.875 | G54: =AVERAGE(G1:G52) -> 0.11764706 | H54: =AVERAGE(H1:H52) -> 0.34 | I54: =AVERAGE(I1:I52) -> 0.76 | ... Y54: =AVERAGE(Y1:Y52) -> 0
B55: =AVERAGE(B53:Y53) -> 1.5515334

Sheet Errors per Question
A1: 4 | B1: 1 | C1: 0 | D1: 0 | E1: 0 | F1: 1 | G1: 0 | H1: 0 | I1: 3 | J1: 2 | K1: 0 | L1: 0 | M1: 0 | N1: 1 | O1: 0 | P1: 0 | Q1: 1 | R1: 1 | S1: 0 | T1: 0 | U1: 1 | V1: 0 | W1: 0
A2: 5 | B2: 0 | C2: 0 | D2: 0 | E2: 0 | F2: 0 | G2: 0 | H2: 0 | I2: 0 | J2: 0
A3: 6 | B3: 0 | C3: 0 | D3: 0 | E3: 0 | F3: 0 | G3: 0 | H3: 0 | I3: 0 | J3: 0 | K3: 0 | L3: 0 | M3: 0 | N3: 4 | O3: 0 | S3: 0 | T3: 0 | U3: 2 | V3: 1 | W3: 0
A4: 8 | B4: 0 | C4: 0 | D4: 0 | E4: 0 | F4: 0 | G4: 0 | H4: 0 | I4: 1 | J4: 1 | K4: 0 | L4: 0 | M4: 0 | N4: 0 | O4: 0 | P4: 0 | Q4: 0 | R4: 0 | S4: 0 | U4: 0 | W4: 0
A5: 11 | B5: 0 | C5: 0 | D5: 0 | E5: 0 | F5: 0 | G5: 0 | H5: 0 | I5: 0 | J5: 0 | K5: 0 | L5: 0 | M5: 0 | N5: 1 | O5: 1 | P5: 1 | Q5: 2 | R5: 0 | S5: 0 | T5: 1 | U5: 0 | V5: 0 | W5: 0
A6: 12 | B6: 0 | C6: 0 | D6: 0 | E6: 0 | F6: 0 | G6: 0 | H6: 0 | I6: 0 | J6: 0 | K6: 0 | L6: 0 | M6: 0 | N6: 6 | O6: 4 | P6: 0 | Q6: 5 | R6: 0 | S6: 0 | T6: 0 | U6: 0 | V6: 0 | W6: 0
A7: 13 | B7: 0 | C7: 0 | D7: 1 | E7: 0 | F7: 1 | G7: 0 | H7: 0 | I7: 0 | J7: 0 | K7: 0 | L7: 0 | M7: 0 | N7: 5 | O7: 1 | P7: 0 | Q7: 0 | R7: 0 | S7: 0
A8: 14 | B8: 4 | C8: 0 | D8: 1 | E8: 0 | F8: 8 | G8: 1 | H8: 4 | I8: 1 | J8: 0 | K8: 0 | L8: 0 | M8: 0 | N8: 2 | P8: 3 | Q8: 1 | R8: 0 | S8: 0 | T8: 0 | U8: 0 | V8: 1 | W8: 2
A9: 15 | B9: 0 | C9: 0 | D9: 0 | E9: 0 | F9: 0 | G9: 0 | H9: 1 | I9: 0 | J9: 0 | K9: 0 | L9: 0 | M9: 0 | P9: 0 | S9: 0
A10: 16 | B10: 0 | C10: 0 | D10: 0 | E10: 0 | F10: 3 | G10: 0 | H10: 0 | I10: 0 | J10: 0 | K10: 0 | L10: 0 | M10: 0 | N10: 10 | O10: 1 | P10: 1 | S10: 0 | T10: 2 | V10: 0 | W10: 1
A11: 17 | B11: 0 | C11: 0 | D11: 1 | E11: 0 | F11: 2 | G11: 0 | H11: 0 | I11: 0 | J11: 0 | K11: 0 | L11: 0 | M11: 0 | N11: 12 | O11: 0 | P11: 0 | Q11: 0 | R11: 0 | S11: 0 | T11: 0 | U11: 3 | V11: 1
A12: 19 | B12: 0 | C12: 0 | D12: 0 | E12: 0 | F12: 0 | G12: 0 | H12: 0 | I12: 0 | J12: 0 | K12: 0 | L12: 0 | M12: 0 | P12: 0 | Q12: 1 | S12: 0
A13: 20 | B13: 0 | C13: 0 | D13: 0 | E13: 0 | F13: 0 | G13: 0 | H13: 0 | I13: 0 | J13: 1 | K13: 0 | L13: 0 | M13: 0 | O13: 0 | P13: 0 | Q13: 1 | R13: 2 | S13: 0 | T13: 0 | U13: 1 | V13: 0 | W13: 0
A14: 22 | B14: 0 | C14: 0 | D14: 2 | E14: 0 | F14: 1 | G14: 0 | H14: 0 | I14: 1 | J14: 0 | K14: 0 | L14: 0 | M14: 0 | N14: 7 | O14: 2 | P14: 0 | Q14: 1 | R14: 0 | S14: 0 | T14: 1 | U14: 1 | V14: 1 | W14: 1
A15: 23 | B15: 0 | C15: 0 | D15: 0 | E15: 0 | F15: 0 | G15: 0 | H15: 0 | I15: 0 | J15: 0 | K15: 0 | L15: 0 | M15: 0 | N15: 1 | O15: 2 | P15: 2 | Q15: 0 | R15: 0 | S15: 0 | T15: 0 | U15: 4 | V15: 0
A16: 24 | B16: 1 | C16: 0 | D16: 0 | E16: 0 | F16: 0 | G16: 0 | H16: 0 | I16: 0 | J16: 0 | K16: 0 | L16: 0 | M16: 0 | N16: 2 | O16: 3 | P16: 1 | Q16: 1 | R16: 3 | S16: 0 | T16: 0 | U16: 0
A17: 27 | B17: 0 | C17: 0 | E17: 0 | F17: 0 | G17: 0 | H17: 0 | I17: 0 | J17: 0 | K17: 0 | L17: 0 | M17: 0 | O17: 0 | P17: 0 | Q17: 2 | R17: 1 | S17: 0 | T17: 0 | U17: 0 | W17: 0
A18: 28 | K18: 0
A19: 30 | B19: 0 | C19: 0 | D19: 0 | E19: 0 | F19: 0 | G19: 0 | H19: 0 | I19: 4 | J19: 0 | K19: 0 | L19: 0 | M19: 0 | N19: 0 | O19: 1 | P19: 0 | Q19: 0 | R19: 5 | S19: 0 | T19: 1 | U19: 1 | V19: 0 | W19: 2
A20: 32 | B20: 0 | C20: 0 | D20: 0 | E20: 0 | F20: 0 | G20: 0 | H20: 1 | I20: 0 | J20: 0 | K20: 0 | L20: 0 | M20: 0 | N20: 4 | O20: 0 | P20: 0 | Q20: 0 | R20: 0 | S20: 0 | U20: 1 | W20: 0
A21: 33 | B21: 0 | D21: 1 | E21: 0 | F21: 1 | G21: 0 | H21: 7 | I21: 17 | J21: 0 | K21: 0 | L21: 0 | M21: 0 | N21: 0 | O21: 0 | P21: 8 | Q21: 0 | R21: 0 | S21: 0 | U21: 0
A22: 36 | B22: 0 | C22: 0 | D22: 1 | E22: 0 | F22: 1 | G22: 0 | H22: 0 | I22: 0 | J22: 0 | K22: 0 | L22: 0 | M22: 0 | N22: 0 | O22: 1 | P22: 0 | Q22: 0 | R22: 0 | S22: 0 | U22: 0 | V22: 0
A23: 38 | B23: 0 | C23: 0 | D23: 0 | E23: 0 | F23: 0 | G23: 0 | H23: 0 | I23: 0 | J23: 0 | K23: 0 | L23: 0 | M23: 0 | N23: 1 | O23: 0 | P23: 3 | Q23: 1 | R23: 0 | S23: 0 | T23: 0 | U23: 4 | V23: 0 | W23: 0
A24: 42 | B24: 0 | C24: 0 | D24: 1 | E24: 0 | F24: 1 | G24: 0 | H24: 0 | I24: 0 | J24: 1 | K24: 0 | L24: 0 | M24: 0 | N24: 1 | O24: 0 | Q24: 0 | R24: 0 | S24: 0 | W24: 0
A25: 43 | B25: 0 | C25: 1 | D25: 1 | E25: 0 | F25: 0 | G25: 0 | H25: 0 | I25: 0 | J25: 0 | K25: 0 | L25: 0 | M25: 0 | N25: 1 | O25: 0 | P25: 3 | Q25: 0 | R25: 0 | S25: 0 | T25: 1 | U25: 0 | V25: 2 | W25: 0
A26: 45 | B26: 0 | C26: 0 | D26: 0 | E26: 0 | F26: 2 | G26: 0 | H26: 0 | I26: 0 | J26: 0 | K26: 0 | L26: 0 | M26: 0 | N26: 0 | O26: 1 | P26: 0 | Q26: 0 | R26: 0 | S26: 0 | T26: 0 | U26: 0
A27: 47 | B27: 0 | C27: 0 | D27: 0 | E27: 0 | F27: 1 | G27: 0 | H27: 0 | I27: 0 | J27: 0 | K27: 0 | L27: 0 | M27: 0 | N27: 5 | O27: 0 | P27: 0 | Q27: 0 | R27: 0 | S27: 0 | T27: 0
A28: 48 | B28: 0 | C28: 0 | D28: 0 | E28: 0 | F28: 0 | G28: 0 | H28: 0 | I28: 0 | J28: 0 | K28: 0 | L28: 0 | M28: 0 | N28: 0 | O28: 0 | P28: 0 | Q28: 0 | R28: 0 | S28: 0 | T28: 1 | U28: 3 | V28: 0 | W28: 1
A29: 49 | B29: 0 | C29: 0 | D29: 3 | E29: 0 | F29: 1 | G29: 0 | H29: 0 | I29: 0 | J29: 1 | K29: 0 | L29: 0 | M29: 0 | N29: 0 | O29: 0 | P29: 0 | Q29: 0 | R29: 0 | S29: 0 | T29: 1 | U29: 1 | V29: 0 | W29: 0
A30: 52 | B30: 0 | C30: 0 | D30: 0 | E30: 0 | F30: 3 | G30: 0 | H30: 0 | I30: 0 | J30: 0 | K30: 0 | L30: 0 | M30: 0 | N30: 6 | O30: 0 | P30: 0 | Q30: 0 | R30: 0 | S30: 0 | T30: 0 | U30: 0 | V30: 0 | W30: 0
A31: 54 | B31: 0 | C31: 0 | D31: 4 | E31: 1 | F31: 3 | G31: 0 | H31: 0 | I31: 1 | J31: 2 | K31: 0 | L31: 0 | M31: 0 | N31: 1 | O31: 2 | P31: 22 | Q31: 0 | R31: 2 | S31: 0 | T31: 0 | U31: 3 | V31: 0 | W31: 7
A32: 55 | B32: 0 | C32: 0 | D32: 1 | E32: 0 | F32: 1 | G32: 0 | H32: 0 | I32: 0 | J32: 1 | K32: 0 | L32: 0 | M32: 0 | N32: 1 | O32: 0 | P32: 0 | Q32: 0 | R32: 0 | S32: 0 | T32: 0 | U32: 3 | V32: 0 | W32: 2
A33: 57 | B33: 1 | C33: 0 | D33: 0 | E33: 0 | F33: 0 | G33: 0 | H33: 0 | I33: 0 | J33: 0 | K33: 0 | L33: 0 | M33: 0 | N33: 5 | O33: 2 | P33: 0 | Q33: 0 | S33: 0 | T33: 0 | U33: 0 | V33: 0
A34: 58 | B34: 0 | C34: 0 | D34: 0 | E34: 0 | F34: 0 | G34: 0 | H34: 0 | I34: 1 | J34: 0 | K34: 0 | L34: 0 | M34: 0 | N34: 0 | O34: 2 | P34: 2 | Q34: 0 | R34: 0 | S34: 0 | T34: 1 | U34: 0 | V34: 0 | W34: 0
A35: 62 | B35: 0 | C35: 1 | D35: 2 | E35: 1 | G35: 0 | K35: 0 | L35: 0 | M35: 0 | N35: 0 | O35: 3 | P35: 0 | Q35: 0 | R35: 0 | S35: 0 | T35: 0 | U35: 0 | V35: 0 | W35: 0
A36: 63 | B36: 1 | C36: 0 | D36: 0 | E36: 0 | F36: 0 | G36: 1 | H36: 0 | I36: 0 | J36: 0 | K36: 0 | L36: 0 | M36: 0 | N36: 0 | O36: 0 | P36: 0 | Q36: 0 | R36: 0 | S36: 0 | T36: 0 | V36: 0
A37: 64 | B37: 0 | C37: 0 | D37: 5 | E37: 0 | G37: 1 | H37: 0 | I37: 3 | J37: 0 | K37: 0 | L37: 0 | M37: 0 | N37: 3 | O37: 0 | P37: 0 | Q37: 2 | R37: 0 | S37: 0 | T37: 0 | U37: 7 | W37: 1
A38: 65 | B38: 0 | C38: 0 | D38: 0 | E38: 0 | F38: 0 | G38: 0 | H38: 0 | I38: 1 | J38: 0 | K38: 0 | L38: 0 | M38: 0 | N38: 0 | O38: 0 | P38: 0 | Q38: 0 | R38: 0 | S38: 0 | T38: 0 | U38: 0
A39: 68 | B39: 0 | C39: 0 | D39: 0 | E39: 0 | F39: 0 | G39: 0 | H39: 0 | I39: 0 | J39: 0 | K39: 0 | L39: 0 | M39: 0 | N39: 1 | O39: 1 | P39: 0 | Q39: 1 | R39: 0 | S39: 0 | T39: 0 | U39: 0 | V39: 0 | W39: 0
A40: 73 | B40: 0 | C40: 1 | D40: 1 | E40: 0 | G40: 0 | H40: 0 | I40: 0 | J40: 0 | K40: 0 | L40: 0 | M40: 0 | N40: 3 | O40: 0 | P40: 0 | Q40: 0 | R40: 0 | S40: 0 | T40: 2 | V40: 0 | W40: 0
A41: 74 | B41: 0 | C41: 0 | D41: 0 | E41: 0 | F41: 0 | G41: 0 | H41: 0 | I41: 1 | J41: 0 | K41: 0 | L41: 0 | M41: 0 | N41: 0 | O41: 0 | P41: 0 | Q41: 0 | R41: 0 | S41: 0 | T41: 0 | U41: 0 | V41: 0 | W41: 0
A42: 75 | B42: 0 | C42: 0 | D42: 0 | E42: 0 | F42: 0 | G42: 0 | H42: 0 | I42: 0 | J42: 1 | K42: 0 | L42: 0 | M42: 0 | O42: 0 | P42: 5 | Q42: 0 | R42: 0 | T42: 2 | U42: 0 | V42: 0 | W42: 0
A43: 78 | B43: 0 | C43: 1 | D43: 1 | E43: 0 | F43: 3 | G43: 0 | H43: 0 | I43: 0 | J43: 0 | K43: 0 | L43: 0 | M43: 0 | N43: 1 | O43: 0 | P43: 3 | Q43: 0 | R43: 0 | S43: 0 | T43: 0 | U43: 4 | V43: 0 | W43: 0
A44: 79 | B44: 0 | C44: 0 | D44: 0 | E44: 0 | F44: 1 | G44: 0 | H44: 0 | I44: 0 | J44: 0 | K44: 0 | L44: 1 | M44: 0 | N44: 3 | O44: 0 | P44: 0 | Q44: 0 | R44: 0 | S44: 0 | T44: 0 | U44: 0 | V44: 0 | W44: 0
A45: 80 | B45: 0 | C45: 4 | D45: 0 | E45: 0 | F45: 1 | G45: 0 | H45: 0 | I45: 2 | J45: 0 | K45: 0 | L45: 0 | M45: 0 | N45: 2 | O45: 1 | Q45: 0 | R45: 0 | S45: 0 | T45: 1 | U45: 1 | V45: 0 | W45: 0
A46: 81 | B46: 0 | C46: 0 | D46: 0 | E46: 0 | F46: 0 | G46: 0 | H46: 1 | I46: 0 | J46: 0 | K46: 0 | L46: 0 | M46: 0 | N46: 4 | O46: 0 | P46: 0 | Q46: 0 | R46: 0 | S46: 0 | T46: 1 | U46: 1 | V46: 0 | W46: 0
A47: 82 | B47: 0 | C47: 0 | D47: 0 | E47: 0 | F47: 0 | G47: 0 | H47: 2 | I47: 1 | J47: 0 | K47: 0 | L47: 0 | M47: 0 | N47: 8 | O47: 0 | P47: 0 | Q47: 0 | R47: 0 | S47: 0 | U47: 0
A48: 83 | B48: 0 | C48: 0 | D48: 4 | E48: 0 | F48: 0 | G48: 0 | H48: 1 | I48: 0 | J48: 2 | K48: 0 | L48: 0 | M48: 0 | N48: 0 | O48: 0 | P48: 0 | Q48: 1 | R48: 1 | S48: 0 | T48: 2 | U48: 4 | V48: 0
A49: 84 | B49: 0 | C49: 1 | D49: 2 | F49: 0 | G49: 2 | H49: 0 | I49: 0 | J49: 0 | K49: 0 | L49: 0 | M49: 0 | O49: 1 | Q49: 0 | R49: 0 | S49: 0 | T49: 0 | U49: 0 | V49: 0 | W49: 0
A50: 85 | B50: 0 | C50: 0 | D50: 0 | E50: 0 | F50: 0 | G50: 0 | H50: 0 | I50: 1 | J50: 0 | K50: 0 | L50: 0 | M50: 0 | N50: 3 | O50: 1 | P50: 0 | Q50: 0 | R50: 0 | S50: 0 | T50: 0 | U50: 0 | V50: 0 | W50: 2
A51: 86 | B51: 0 | C51: 0 | D51: 0 | E51: 0 | F51: 1 | G51: 0 | H51: 0 | I51: 0 | J51: 1 | K51: 0 | L51: 0 | M51: 0 | N51: 0 | O51: 0 | P51: 0 | Q51: 0 | R51: 0 | S51: 0 | T51: 0 | W51: 0
A52: 87 | D52: 0 | E52: 0 | F52: 0 | G52: 0 | H52: 0 | I52: 0 | J52: 0 | K52: 0 | L52: 0 | M52: 0 | N52: 0 | O52: 0 | P52: 0 | Q52: 0 | R52: 0 | S52: 6 | T52: 0 | U52: 0 | V52: 0 | W52: 2 | X52: 2 | Y52: 0
A53: Individual | B53: =AVERAGE(B1:B52) -> 0.16 | C53: =AVERAGE(C1:C52) -> 0.18367347 | D53: =AVERAGE(D1:D52) -> 0.64 | E53: =AVERAGE(E1:E52) -> 0.04 | F53: =AVERAGE(F1:F52) -> 0.75 | G53: =AVERAGE(G1:G52) -> 0.098039216 | H53: =AVERAGE(H1:H52) -> 0.34 | I53: =AVERAGE(I1:I52) -> 0.76 | ... Y53: =AVERAGE(Y1:Y52) -> 0
B54: =B53+1 -> 1.16 | C54: =C53+1 -> 1.1836735 | D54: =D53+1 -> 1.64 | E54: =E53+1 -> 1.04 | F54: =F53+1 -> 1.75 | G54: =G53+1 -> 1.0980392 | H54: =H53+1 -> 1.34 | I54: =I53+1 -> 1.76 | ... Y54: =Y53+1 -> 1
B55: =AVERAGE(B54:Y54) -> 1.5246874

Sheet Errors with Time Collab
A1: 7 | B1: 0 | C1: 0 | D1: 1 | E1: 2 | F1: 0 | G1: 0 | H1: 0 | I1: 0 | J1: 0 | K1: 0 | L1: 0 | M1: 0 | Q1: 0 | R1: 0 | S1: 1 | U1: 3 | V1: 2 | W1: 2
A2: 21 | B2: 0 | C2: 0 | D2: 0 | E2: 0 | F2: 1 | G2: 0 | H2: 0 | I2: 0 | J2: 0 | K2: 0 | L2: 0 | M2: 0 | N2: 0 | O2: 0 | P2: 0 | Q2: 0 | R2: 0 | S2: 0 | T2: 0 | U2: 2
A3: 25 | C3: 2 | F3: 0 | N3: 0 | W3: 9
A4: 26 | B4: 0 | C4: 1 | D4: 1 | E4: 0 | G4: 0 | H4: 0 | I4: 0 | J4: 0 | K4: 0 | L4: 0 | M4: 0 | N4: 2 | O4: 0 | P4: 0 | Q4: 0 | R4: 0 | S4: 0 | T4: 0 | U4: 5 | V4: 0 | W4: 5
A5: 34 | B5: 0 | L5: 0 | P5: 0 | T5: 0 | U5: 0
A6: 35 | B6: 1 | C6: 1 | D6: 0 | E6: 0 | F6: 0 | G6: 0 | H6: 0 | I6: 0 | J6: 0 | K6: 0 | L6: 0 | M6: 0 | N6: 3 | O6: 0 | P6: 0 | Q6: 0 | R6: 0 | S6: 0 | T6: 0 | U6: 0 | V6: 0 | W6: 0
A7: 37 | B7: 0 | D7: 0 | S7: 0
A8: 56 | B8: 0 | C8: 0 | D8: 0 | E8: 0 | F8: 0 | G8: 0 | H8: 1 | I8: 0 | J8: 0 | K8: 0 | L8: 1 | M8: 0 | N8: 0 | O8: 0 | P8: 0 | Q8: 0 | R8: 0 | S8: 0 | T8: 0 | U8: 0 | V8: 0 | W8: 1
A9: 61 | B9: 0 | C9: 0 | D9: 0 | E9: 0 | G9: 0 | H9: 0 | I9: 0 | J9: 0 | K9: 0 | L9: 0 | M9: 0 | N9: 0 | O9: 0 | P9: 0 | Q9: 0 | R9: 0 | S9: 0 | T9: 0
A10: 66 | B10: 0 | C10: 0 | D10: 1 | E10: 0 | G10: 1 | H10: 0 | I10: 0 | J10: 0 | K10: 0 | L10: 0 | M10: 0 | O10: 1 | P10: 0 | Q10: 1 | R10: 0 | S10: 0 | T10: 0 | U10: 0 | V10: 0 | W10: 1
A11: 67 | B11: 0
A12: 69 | B12: 0 | C12: 0 | E12: 0 | G12: 0 | H12: 0 | I12: 0 | J12: 0 | K12: 0 | L12: 0 | M12: 0 | N12: 0 | O12: 2 | P12: 1 | Q12: 0 | R12: 0 | S12: 0
A13: 70 | B13: 0 | C13: 0 | D13: 0 | E13: 0 | F13: 0 | G13: 0 | H13: 0 | I13: 2 | J13: 1 | K13: 0 | L13: 0 | M13: 0 | N13: 0 | O13: 0 | P13: 0 | Q13: 0 | R13: 0 | S13: 0 | T13: 2 | U13: 0 | V13: 1
A14: 71 | B14: 0 | D14: 0 | E14: 0 | F14: 0 | G14: 0 | H14: 0 | I14: 0 | J14: 0 | K14: 0 | L14: 0 | M14: 0 | N14: 0 | O14: 0 | P14: 0 | Q14: 0 | R14: 0 | S14: 0 | T14: 0 | U14: 0 | V14: 0 | W14: 0
A15: 76 | B15: 0 | C15: 0 | D15: 0 | E15: 0 | F15: 0 | G15: 0 | H15: 0 | I15: 0 | J15: 0 | K15: 0 | L15: 0 | M15: 0 | N15: 3 | O15: 0 | P15: 0 | Q15: 0 | R15: 0 | S15: 0 | T15: 1 | V15: 1
A16: 77 | E16: 0 | F16: 0 | G16: 0 | H16: 0 | I16: 0 | J16: 0 | K16: 0 | L16: 0 | M16: 0 | N16: 0 | O16: 0 | P16: 0 | Q16: 0 | R16: 0 | S16: 0 | T16: 0 | U16: 0 | V16: 0
B17: =AVERAGE(B1:B16) -> 0.071428571 | C17: =AVERAGE(C1:C16) -> 0.36363636 | D17: =AVERAGE(D1:D16) -> 0.27272727 | E17: =AVERAGE(E1:E16) -> 0.16666667 | F17: =AVERAGE(F1:F16) -> 0.11111111 | G17: =AVERAGE(G1:G16) -> 0.083333333 | H17: =AVERAGE(H1:H16) -> 0.083333333 | I17: =AVERAGE(I1:I16) -> 0.16666667 | ... W17: =AVERAGE(W1:W16) -> 2.5714286
B18: =B17+1 -> 1.0714286 | C18: =C17+1 -> 1.3636364 | D18: =D17+1 -> 1.2727273 | E18: =E17+1 -> 1.1666667 | F18: =F17+1 -> 1.1111111 | G18: =G17+1 -> 1.0833333 | H18: =H17+1 -> 1.0833333 | I18: =I17+1 -> 1.1666667 | ... W18: =W17+1 -> 3.5714286
B19: =AVERAGE(B18:W18) -> 1.3186977

Sheet Errors per Question Collab
A1: 7 | B1: 0 | C1: 0 | D1: 1 | E1: 2 | F1: 0 | G1: 0 | H1: 0 | I1: 0 | J1: 0 | K1: 0 | L1: 0 | M1: 0 | Q1: 0 | R1: 0 | S1: 1 | U1: 1 | V1: 2 | W1: 0
A2: 21 | B2: 0 | C2: 0 | D2: 0 | E2: 0 | F2: 1 | G2: 0 | H2: 0 | I2: 0 | J2: 0 | K2: 0 | L2: 0 | M2: 0 | N2: 0 | O2: 0 | P2: 0 | Q2: 0 | R2: 0 | S2: 0 | T2: 0 | U2: 2
A3: 25 | C3: 1 | F3: 0 | N3: 0 | W3: 2
A4: 26 | B4: 0 | C4: 1 | D4: 1 | E4: 0 | G4: 0 | H4: 0 | I4: 0 | J4: 0 | K4: 0 | L4: 0 | M4: 0 | N4: 2 | O4: 0 | P4: 0 | Q4: 0 | R4: 0 | S4: 0 | T4: 0 | U4: 5 | V4: 0 | W4: 5
A5: 34 | B5: 0 | L5: 0 | P5: 0 | T5: 0 | U5: 0
A6: 35 | B6: 1 | C6: 1 | D6: 0 | E6: 0 | F6: 0 | G6: 0 | H6: 0 | I6: 0 | J6: 0 | K6: 0 | L6: 0 | M6: 0 | N6: 3 | O6: 0 | P6: 0 | Q6: 0 | R6: 0 | S6: 0 | T6: 0 | U6: 0 | V6: 0 | W6: 0
A7: 37 | B7: 0 | D7: 0 | S7: 0
A8: 56 | B8: 0 | C8: 0 | D8: 0 | E8: 0 | F8: 0 | G8: 0 | H8: 1 | I8: 0 | J8: 0 | K8: 0 | L8: 1 | M8: 0 | N8: 0 | O8: 0 | P8: 0 | Q8: 0 | R8: 0 | S8: 0 | T8: 0 | U8: 0 | V8: 0 | W8: 1
A9: 61 | B9: 0 | C9: 0 | D9: 0 | E9: 0 | G9: 0 | H9: 0 | I9: 0 | J9: 0 | K9: 0 | L9: 0 | M9: 0 | N9: 0 | O9: 0 | P9: 0 | Q9: 0 | R9: 0 | S9: 0 | T9: 0
A10: 66 | B10: 0 | C10: 0 | D10: 0 | E10: 0 | G10: 1 | H10: 0 | I10: 0 | J10: 0 | K10: 0 | L10: 0 | M10: 0 | O10: 1 | P10: 0 | Q10: 1 | R10: 0 | S10: 0 | T10: 0 | U10: 0 | V10: 0 | W10: 1
A11: 67 | B11: 0
A12: 69 | B12: 0 | C12: 0 | E12: 0 | G12: 0 | H12: 0 | I12: 0 | J12: 0 | K12: 0 | L12: 0 | M12: 0 | N12: 0 | O12: 2 | P12: 1 | Q12: 0 | R12: 0 | S12: 0
A13: 70 | B13: 0 | C13: 0 | D13: 0 | E13: 0 | F13: 0 | G13: 0 | H13: 0 | I13: 2 | J13: 1 | K13: 0 | L13: 0 | M13: 0 | N13: 0 | O13: 0 | P13: 0 | Q13: 0 | R13: 0 | S13: 0 | T13: 2 | U13: 0 | V13: 1
A14: 71 | B14: 0 | D14: 0 | E14: 0 | F14: 0 | G14: 0 | H14: 0 | I14: 0 | J14: 0 | K14: 0 | L14: 0 | M14: 0 | N14: 0 | O14: 0 | P14: 0 | Q14: 0 | R14: 0 | S14: 0 | T14: 0 | U14: 0 | V14: 0 | W14: 0
A15: 76 | B15: 0 | C15: 0 | D15: 0 | E15: 0 | F15: 0 | G15: 0 | H15: 0 | I15: 0 | J15: 0 | K15: 0 | L15: 0 | M15: 0 | N15: 3 | O15: 0 | P15: 0 | Q15: 0 | R15: 0 | S15: 0 | T15: 1 | V15: 1
A16: 77 | E16: 0 | F16: 0 | G16: 0 | H16: 0 | I16: 0 | J16: 0 | K16: 0 | L16: 0 | M16: 0 | N16: 0 | O16: 0 | P16: 0 | Q16: 0 | R16: 0 | S16: 0 | T16: 0 | U16: 0 | V16: 0
B17: =AVERAGE(B1:B16) -> 0.071428571 | C17: =AVERAGE(C1:C16) -> 0.27272727 | D17: =AVERAGE(D1:D16) -> 0.18181818 | E17: =AVERAGE(E1:E16) -> 0.16666667 | F17: =AVERAGE(F1:F16) -> 0.11111111 | G17: =AVERAGE(G1:G16) -> 0.083333333 | H17: =AVERAGE(H1:H16) -> 0.083333333 | I17: =AVERAGE(I1:I16) -> 0.16666667 | ... W17: =AVERAGE(W1:W16) -> 1.2857143
B18: =B17+1 -> 1.0714286 | C18: =C17+1 -> 1.2727273 | D18: =D17+1 -> 1.1818182 | E18: =E17+1 -> 1.1666667 | F18: =F17+1 -> 1.1111111 | G18: =G17+1 -> 1.0833333 | H18: =H17+1 -> 1.0833333 | I18: =I17+1 -> 1.1666667 | ... W18: =W17+1 -> 2.2857143
F20: Average per Question Number | G20: Average per Exercise Attempted
E21: Collaborative | F21: =AVERAGE(B18:W18) -> 1.2429008 | G21: 1.3186977
E22: Individual | F22: 1.5246874 | G22: 1.5515334
F27: =F21*60.01 -> 74.586476
F28: =F22*51.48 -> 78.490908

Sheet Graphs
J1: 1 | K1: I am comfortable with using linked lists:
Q2: Check each question and overall for significance
J3: 2 | K3: I am confident in my ability to write code to make linked lists:
J5: 3 | K5: I am confident in my ability to insert into linked lists: | Q5: Put n in the chrat title
J7: 4 | K7: I am confident in my ability to find a given node in a linked list:
J9: 5 | K9: I am confident in my ability to delete from linked lists:
J11: 6 | K11: I am confident in my ability to write code to insert into linked lists:
J13: 7 | K13: I am confident in my ability to write code to find a given node in a linked lists:
J15: 8 | K15: I am confident in my ability to write code to delete from linked lists:
J17: 9 | K17: It is easy for me to see the connection between the diagrams for lists and the code for them.
J19: 10 | K19: Drawing list operations helps me understand them better.
J24: 11 | K24: Drawing list operations in the previous questions helped me understand them better. | Q24: Redundant
J26: 12 | K26: These types of linked list problems seem easier now that I’ve used the system.
J28: 13 | K28: Using the system has increased my confidence in my ability to solve these problems.
J30: 14 | K30: When I first used the system, it was easy to learn it and figure out how to use it. | Q30: Present average of these as "usability average"
J32: 15 | K32: I found the system very easy to use.
J34: 16 | K34: I found the system fun to use.
J36: 17 | K36: I would use the system to help study for Computer Science.
J38: 18 | K38: If the system had exercises for other subjects (e.g., Math), I would use it for them too.
J40: 19 | K40: I would recommend it to my friends to use the system.
J42: 20 | K42: I found the collaborative parts of the system helpful. | Q42: Take answers from only collaborators
T132: Pvalue
S133: Attemtped | T133: 0.020620517
S134: Correct | T134: 3.4759529e-07
S135: Incorrect | T135: 0.93545459
L187: Pvalue
L188: 0.13674
L226: Pvalue
L227: 0.020932
